id,domain,status,purchase_price,renewal_price,attractiveness,demand,length,registrar,created_at,expires_at,status_verified_at
3546ef11-629f-4197-8a10-a2235f6fa2d1,relish.systems,available,10.55,28.15,high,low,6,spaceship,,,29/09/2026 21:47
78ac54d6-0d16-4bf2-aa27-9460c886bf7a,lava.systems,resell,,,high,low,4,,,,30/09/2026 02:19
5bf3982f-01ee-491a-80da-cf0e7adb175d,audibility.systems,available,18.99,34.99,medium,low,10,namesilo,,,21/09/2026 02:52
d00f5f5d-69cd-4119-98ea-183116ebac9e,basle.systems,available,18.99,34.99,medium,low,5,namesilo,,,22/09/2026 10:14
fe9c715f-6a65-4af6-b5bb-ccf4f71346b0,tonsorial.systems,available,11.98,47.48,medium,low,9,namecheap,,,11/09/2026 17:12
de9c8666-5ef4-4765-bd64-ea6ed3115500,ovens.systems,available,11.98,47.48,medium,low,5,namecheap,,,20/09/2026 10:00
a89d687b-89dd-4827-9a66-4f0512e38d9f,naia.systems,available,18,,high,low,4,unstoppable,,,30/09/2026 12:50
811f696c-7dd5-4d3a-a943-d785c1107154,announce.systems,available,10.55,28.15,high,low,8,spaceship,,,29/09/2026 22:10
dd81b4ba-f121-4584-9ae2-488278bb9e28,toady.systems,available,11.98,47.48,medium,low,5,namecheap,,,20/09/2026 15:35
f9c41404-fac6-41f2-b384-0dc9e2ebfe7f,residuum.systems,available,11.98,47.48,medium,low,8,namecheap,,,09/09/2026 15:07
d6af1385-555b-4b3c-801d-a40ec9addb0c,kurdish.systems,available,11.98,47.48,medium,low,7,namecheap,,,22/08/2026 17:04
69102406-d6cf-4643-82a6-6454fa71580a,propelling.systems,available,11.98,47.48,high,low,10,namecheap,,,09/09/2026 03:30
7490b7dd-49f1-4220-a3e7-793a7c7e1ee5,bountiful.systems,available,11.98,47.48,high,low,9,namecheap,,,09/08/2026 20:52
7348b326-957c-4d78-8bb1-7c757abd2057,clash.systems,available,10.55,28.15,high,low,5,spaceship,,,29/09/2026 09:50
049728f7-5f2d-45c7-bd1b-4fd17200d651,backwash.systems,available,18.99,34.99,medium,low,8,namesilo,,,17/09/2026 15:44
b5a182b5-d27e-47fc-999f-b024a79367a1,inmates.systems,available,18,,low,low,7,unstoppable,,,28/09/2026 18:12
33eb3db6-863b-4308-ac66-fefae9640bc6,psychiatrist.systems,available,10.55,28.15,high,low,12,spaceship,,,27/09/2026 16:44
f3d1c5da-382f-4454-8695-7ad15a7323fb,overladen.systems,available,11.98,47.48,medium,low,9,namecheap,,,04/09/2026 20:51
e59e5e34-956d-4aef-95fc-2b6a746c6d18,doob.systems,available,11.98,47.48,medium,low,4,namecheap,,,21/09/2026 18:37
656b7975-d012-42e5-ba5d-f1a170374978,assorted.systems,available,11.98,47.48,medium,low,8,namecheap,,,07/08/2026 07:25
d0aa3c52-fdbe-43e4-9258-17c792d3bd2b,muscular.systems,available,11.98,47.48,high,low,8,namecheap,,,11/08/2026 02:50
a046de7b-7594-41ad-979b-0c5a7b58fafd,pinned.systems,available,10.55,28.15,medium,low,6,spaceship,,,28/09/2026 05:02
ebd35be6-cc35-41a3-85ab-e4b6457e94cc,jacksonville.systems,available,18,,high,low,12,unstoppable,,,30/09/2026 04:53
7b6d7320-4742-4b09-9a2d-e0d42eb2dc40,mound.systems,available,18,,medium,low,5,unstoppable,,,29/09/2026 06:29
98dc6ec6-d08e-4afe-ae8e-04cc0166cb1b,wick.systems,available,18,,high,low,4,unstoppable,,,29/09/2026 14:07
1b14ed3c-2d5c-4eed-9d38-dba724e8dda1,edamame.systems,available,18.99,34.99,high,low,7,namesilo,,,20/09/2026 02:22
fd844efc-9ade-4e53-9d99-2453766a67e1,sham.systems,available,11.98,47.48,medium,low,4,namecheap,,,07/08/2026 08:06
1dfdfaa3-1d3b-4a18-8281-704807bf98e1,sapodilla.systems,available,18.99,34.99,medium,low,9,namesilo,,,17/09/2026 00:57
6aa2fc05-5e0e-4e20-92d2-1ab22cf884b1,tossing.systems,available,18.99,34.99,high,low,7,namesilo,,,30/09/2026 03:58
51a5e4ef-aab8-460d-97ff-767d6bbe815b,pockets.systems,available,18.99,34.99,medium,low,7,namesilo,,,27/09/2026 02:53
15861dcc-1835-491a-901e-0296b948d9fb,mildness.systems,available,18.99,34.99,high,low,8,namesilo,,,24/09/2026 15:30
a71f661c-0273-46a3-9039-8ebb41c2e521,nihilistic.systems,available,11.98,47.48,medium,low,10,namecheap,,,03/09/2026 17:24
6c5680a7-c4fc-4809-9b96-431231a8a21d,incorporate.systems,available,18.99,34.99,high,low,11,namesilo,,,29/09/2026 02:35
d152e027-f2f9-43e7-9f34-a3e9c3c6b26e,prosaic.systems,available,11.98,47.48,medium,low,7,namecheap,,,21/08/2026 15:08
84a0f5ad-02dd-4345-aa86-424d28ba5d7f,handicapped.systems,available,27.2,27.2,medium,low,11,cloudflare,,,29/09/2026 03:14
45e48294-1d8e-430c-8aee-c24c0136a92c,norwich.systems,available,11.98,47.48,medium,low,7,namecheap,,,25/09/2026 14:43
36a70858-abf5-4eeb-99af-366ba74544a3,smolensk.systems,available,18.99,34.99,medium,low,8,namesilo,,,30/09/2026 11:04
21acbe5a-f7b9-4396-9384-6efa0f9f86b7,enraptured.systems,available,11.98,47.48,high,low,10,namecheap,,,14/08/2026 23:46
8ce6777d-4003-41fb-adbc-6bd24feacad2,beverly.systems,available,11.98,47.48,high,low,7,namecheap,,,25/09/2026 21:21
bb87f99c-5e17-44dd-bddd-440cee7becd8,straying.systems,available,11.98,47.48,medium,low,8,namecheap,,,10/09/2026 22:14
ac9b9458-a336-4795-9b6c-8c682e0dc33f,esthetical.systems,available,11.98,47.48,medium,low,10,namecheap,,,21/09/2026 21:22
6fef870c-533d-4ae0-96b0-f8708deedfb8,tommyrot.systems,available,11.98,47.48,medium,low,8,namecheap,,,21/09/2026 23:53
cd8f97a5-ec45-4511-99a7-c7d4c49c9073,vagabond.systems,available,11.98,47.48,high,low,8,namecheap,,,14/08/2026 19:16
93d08789-8d19-4398-91d5-160a5d7f47d8,bascule.systems,available,11.98,47.48,medium,low,7,namecheap,,,22/09/2026 09:54
e4781374-e968-4fd1-b9ba-53102bb18318,irresponsible.systems,available,27.2,27.2,medium,low,13,cloudflare,,,28/09/2026 21:26
f235747e-bc98-4c99-9a99-8f091276bf2f,equivalent.systems,available,18.99,34.99,high,low,10,namesilo,,,24/09/2026 14:50
2bf074c9-2f03-42bf-85ff-757bcb11c9d9,strengthen.systems,available,18.99,34.99,high,low,10,namesilo,,,30/09/2026 15:38
eaa4af9c-555b-4ebb-b6c8-82252079cc9a,regulator.systems,available,11.98,47.48,high,low,9,namecheap,,,29/09/2026 20:08
70e301f5-7d8c-4635-8fec-73990cbf6a0a,stepson.systems,available,27.2,27.2,high,low,7,cloudflare,,,30/09/2026 12:01
c1ab1054-c28e-4b77-97a2-60afec543066,mediaeval.systems,available,11.98,47.48,medium,low,9,namecheap,,,24/08/2026 18:49
7162c842-182b-45b0-b306-a4687b76d8fb,pity.systems,available,18.99,34.99,high,low,4,namesilo,,,23/09/2026 16:56
45916cc1-a3bc-41bd-bf3f-e1e18f1b94f6,cares.systems,available,18.99,34.99,medium,low,5,namesilo,,,27/09/2026 02:10
418ffd60-0c97-4b36-8ca0-e4214cf23fa5,copenhagen.systems,available,18,,high,low,10,unstoppable,,,29/09/2026 18:27
c0541384-9fe2-4d6e-ad29-20a0c92977e2,johanna.systems,available,11.99,29.11,high,low,7,dynadot,,,28/09/2026 03:57
bd17c6bd-78f7-42e5-9806-7516efc358a4,unlaced.systems,available,11.98,47.48,medium,low,7,namecheap,,,12/09/2026 14:37
ffc727b9-6cea-4b0b-a4d9-5e71e593f950,pluperfect.systems,available,11.98,47.48,medium,low,10,namecheap,,,08/09/2026 22:00
7f7582e3-78f7-4f83-b079-27124425d409,pitahaya.systems,available,18.99,34.99,medium,low,8,namesilo,,,16/09/2026 20:46
34092b1e-5353-4a29-9d14-51e6eed3a161,tenable.systems,available,11.98,47.48,medium,low,7,namecheap,,,11/09/2026 11:08
f491f3f9-b1e6-4bb0-a5eb-82bc56ba23c5,nourishment.systems,available,18.99,34.99,high,low,11,namesilo,,,30/09/2026 22:35
51290608-d660-42b5-adee-7a23a6c5b5ce,poured.systems,available,18.99,34.99,medium,low,6,namesilo,,,18/09/2026 02:28
7e832943-d586-4697-974b-dd7576f627d8,fourteenth.systems,available,11.98,47.48,high,low,10,namecheap,,,
fb9c77dc-226e-4d8e-ab84-a9d0ccb61e7d,percival.systems,available,18.99,34.99,high,low,8,namesilo,,,28/09/2026 16:27
3084c313-e3f0-4359-bd69-76714a70ad24,alir.systems,available,11.98,47.48,medium,low,4,namecheap,,,17/08/2026 22:11
b2685443-0940-449c-9cb2-ef1b9d898176,basinet.systems,available,18.99,34.99,medium,low,7,namesilo,,,22/09/2026 10:57
1a9f594e-8259-4cee-9f27-d9b2b928bc5d,orangish.systems,available,11.98,47.48,medium,low,8,namecheap,,,04/09/2026 17:26
87ac289f-560a-4ece-9044-31f03f1d28fc,latex.systems,available,18.99,34.99,high,low,5,namesilo,,,29/09/2026 13:16
cf324ce3-b99e-4084-bc27-f5c784e6f690,chary.systems,available,11.98,47.48,medium,low,5,namecheap,,,12/08/2026 02:59
bbce01ab-d9ea-4ea1-bc2a-bf9d90adbeb5,apium.systems,available,18.99,34.99,medium,low,5,namesilo,,,19/09/2026 17:32
81ecb4bd-0291-49cf-8879-7874583510d6,jenks.systems,available,27.2,27.2,medium,low,5,cloudflare,,,30/09/2026 13:40
9fb4f803-dcdf-4fc4-8820-3e65e24c5f07,riant.systems,available,11.98,47.48,medium,low,5,namecheap,,,22/08/2026 20:55
36f3c817-daf6-4f4a-8ce1-aa383c8ab505,parenteral.systems,available,11.98,47.48,medium,low,10,namecheap,,,08/09/2026 01:19
a0e74b96-10de-431f-a6e3-0ec9a3e77814,kazan.systems,available,11.84,28.32,medium,low,5,porkbun,,,28/09/2026 05:35
ac9282fa-45bc-4c5c-b9eb-8c655155a091,adansonia.systems,available,18.99,34.99,medium,low,9,namesilo,,,17/09/2026 06:21
79eea93a-5e08-4116-8c66-0f6e137f442b,trout.systems,available,18.99,34.99,high,low,5,namesilo,,,28/09/2026 06:50
3744f41b-f68e-4afe-bf8a-80233c9091be,aranyaka.systems,available,18.99,34.99,medium,low,8,namesilo,,,20/09/2026 00:08
0ed0f3d8-1fba-4815-a3ef-85bb5bb21601,retract.systems,available,18.99,34.99,medium,low,7,namesilo,,,01/10/2026 04:08
fcbd2971-992b-4808-81a3-d2e1b60d4585,treeless.systems,available,11.98,47.48,medium,low,8,namecheap,,,11/09/2026 19:10
bddf3cfa-051c-42bd-adab-0bc7b61eab80,wafers.systems,available,18.99,34.99,medium,low,6,namesilo,,,20/09/2026 21:54
b336ca5e-d814-4727-8124-679f3b677b2b,tatum.systems,available,18.99,34.99,high,low,5,namesilo,,,20/09/2026 10:00
fbde73a1-cd99-4b4a-9803-0bd5da636f78,auricular.systems,available,11.98,47.48,medium,low,9,namecheap,,,07/08/2026 17:46
a1820169-dbe6-4c7e-a07d-ceb54338d0ba,acetonic.systems,available,11.98,47.48,medium,low,8,namecheap,,,
a01897da-b38e-4a5e-8cfc-875d99088b1d,unnumbered.systems,available,11.98,47.48,medium,low,10,namecheap,,,13/08/2026 03:46
9183a114-87d9-4dc3-8068-c5e2a98a3603,journalists.systems,available,18,,medium,low,11,unstoppable,,,29/09/2026 10:52
c108655c-f81d-4c6b-8afb-a65659e8d00c,overcast.systems,available,11.98,47.48,high,low,8,namecheap,,,12/08/2026 12:29
2459a40e-ad01-4dc8-afbe-bce87a38194d,russian.systems,available,11.98,47.48,high,low,7,namecheap,,,27/09/2026 17:35
89679a8a-120a-4483-b2d0-b8c59ad437d1,sellers.systems,available,18.99,34.99,high,low,7,namesilo,,,29/09/2026 13:41
35f10d68-e5b9-43b3-bd56-1dfc970a1f0f,flippant.systems,available,11.98,47.48,medium,low,8,namecheap,,,18/08/2026 08:32
fafbe2fb-3425-4874-a04c-2c0f95960682,uttermost.systems,available,11.98,47.48,high,low,9,namecheap,,,17/08/2026 22:44
7d122d77-c82e-492d-a51e-fdcfae8ff85d,schematic.systems,available,11.98,47.48,high,low,9,namecheap,,,09/09/2026 23:02
3f6871d5-be32-46f7-b75d-ecf50018d193,bethune.systems,available,11.98,47.48,medium,low,7,namecheap,,,23/09/2026 11:17
f8765cfd-6641-48a1-9176-e1d2b2511a93,smoothen.systems,available,11.98,47.48,high,low,8,namecheap,,,08/09/2026 23:04
bddbd649-94c9-4fb5-bdb5-81c05233cdcc,engines.systems,available,11.98,47.48,medium,low,7,namecheap,,,19/09/2026 19:59
6c8064d6-01d0-44aa-9e59-12f9e756d00b,cryonic.systems,available,11.98,47.48,medium,low,7,namecheap,,,13/08/2026 09:37
d70f2091-84ab-4e90-ab10-526dff6717a7,inaudible.systems,available,11.98,47.48,medium,low,9,namecheap,,,22/08/2026 00:33
8dcb22d4-7963-4ed3-9bcc-5bca6d60fbfa,crayon.systems,available,11.98,47.48,high,low,6,namecheap,,,24/09/2026 19:11
21b2d14b-b52f-41fa-a065-bd19d2b35c16,famished.systems,available,11.98,47.48,medium,low,8,namecheap,,,17/08/2026 13:41
705ddff0-10ed-4258-b3fe-06ad92b6aca9,splitting.systems,available,11.98,47.48,high,low,9,namecheap,,,09/09/2026 14:01
3eb7f3c9-56fd-443a-86b9-b03e1b3ca938,eroding.systems,available,11.98,47.48,medium,low,7,namecheap,,,13/09/2026 09:08
12d1f056-f1d5-4b57-a52d-933c1766370b,ideologic.systems,available,11.98,47.48,medium,low,9,namecheap,,,21/08/2026 18:04
7154e8d1-9c1d-492c-9a62-0752dd1d87aa,effectual.systems,available,11.98,47.48,high,low,9,namecheap,,,15/08/2026 14:20
0b2b1065-9ee7-478e-b99e-0c47da3fef44,acipenser.systems,available,18.99,34.99,medium,low,9,namesilo,,,17/09/2026 01:47
ff5b2ce9-2d17-4d8d-8d49-5b67fd967c97,youngsters.systems,available,18,,medium,low,10,unstoppable,,,30/09/2026 07:43
3b054949-3ceb-4dec-a37c-090cab332c0f,cheaper.systems,available,11.98,47.48,low,low,7,namecheap,,,28/09/2026 08:27
e05250cb-ce7a-423a-92d6-90da3c342623,oversewn.systems,available,11.98,47.48,medium,low,8,namecheap,,,04/09/2026 21:48
14c9cd14-d61b-45c1-816f-efe87ee75bc2,gorbachev.systems,available,11.98,47.48,medium,low,9,namecheap,,,28/09/2026 05:51
e5fb5d08-bb28-4232-8eab-c7792643daf7,juridical.systems,available,11.98,47.48,medium,low,9,namecheap,,,22/08/2026 14:40
684970f4-04af-4fee-aed2-aec187e34c5d,stumble.systems,available,18.99,34.99,high,low,7,namesilo,,,30/09/2026 10:30
aff2718c-e56d-4074-9cf7-5171e186ea47,absently.systems,available,11.98,47.48,medium,low,8,namecheap,,,13/09/2026 16:41
b4c5c461-732c-48f5-8b45-8dd4872516b2,shank.systems,available,18,,medium,low,5,unstoppable,,,01/10/2026 03:41
7a25e9e2-948b-4d3b-8775-2c221198b8ef,abreaction.systems,available,18.99,34.99,medium,low,10,namesilo,,,16/09/2026 17:06
c56dffb7-f1c8-485f-b1b7-6c7a03a1ecf4,tenderness.systems,available,18.99,34.99,high,low,10,namesilo,,,17/09/2026 14:18
f509c782-752f-45a5-a45c-b29bd474efde,littler.systems,available,11.98,47.48,medium,low,7,namecheap,,,24/08/2026 07:33
c733af6b-c50d-49fd-b728-9f25cc19cef5,burmese.systems,available,11.98,47.48,high,low,7,namecheap,,,11/08/2026 10:42
fdcd579c-29c9-42e5-855e-369014794090,ron.systems,available,18.99,34.99,high,low,3,namesilo,,,25/09/2026 00:25
d1b00296-0d33-45f8-8c9e-451c657c74cc,xing.systems,available,10.55,28.15,high,low,4,spaceship,,,01/10/2026 06:20
894edfdb-0c15-4aeb-8217-afcb5e310b2f,irvin.systems,available,10.55,28.15,medium,low,5,spaceship,,,28/09/2026 16:39
26fa7b3c-cd94-4908-a7df-8477eb40b8a7,adjectives.systems,available,18.99,34.99,medium,low,10,namesilo,,,18/09/2026 16:11
409f2698-d5e2-4d30-a9ae-e3931a8b8b83,zonal.systems,available,11.98,47.48,medium,low,5,namecheap,,,13/09/2026 15:29
ecea9998-f6c0-4dc1-b13e-7fac90f3f085,comes.systems,available,11.98,47.48,high,low,5,namecheap,,,17/09/2026 22:46
b1a59a79-a7f6-4a8f-97c8-92dca8771972,punter.systems,available,11.99,29.11,medium,low,6,dynadot,,,29/09/2026 02:17
387be6cb-5b90-44d2-a553-79c104981f4d,gimme.systems,available,10.55,28.15,high,low,5,spaceship,,,29/09/2026 14:22
88c62f7b-2e20-4980-86cc-a1722030a5c8,forced.systems,available,21.99,45.99,high,low,6,name.com,,,23/09/2026 21:10
6ca02fb7-52d4-427b-8579-8c6d9222a717,artaxerxes.systems,available,18.99,34.99,medium,low,10,namesilo,,,20/09/2026 10:06
f024824a-b404-404d-9fcc-b0a07d700282,dwayne.systems,available,18,,medium,low,6,unstoppable,,,30/09/2026 13:18
82847ea6-7cc8-416d-8e32-832c525f9653,gnostic.systems,available,11.98,47.48,medium,low,7,namecheap,,,20/08/2026 15:47
1fb847b7-1c23-4891-a6d8-8e06234b2155,colombo.systems,available,10.55,28.15,high,low,7,spaceship,,,29/09/2026 07:00
e6c676f8-030a-4f4d-a182-7403c2a6a780,hurrying.systems,available,11.98,47.48,medium,low,8,namecheap,,,21/08/2026 15:47
c8146381-ea4b-4d7c-a49c-ef4d2cc33cb8,dominical.systems,available,11.98,47.48,medium,low,9,namecheap,,,14/08/2026 15:42
a26907be-ccae-4188-9166-9104a7d658e1,crepuscle.systems,available,11.98,47.48,medium,low,9,namecheap,,,11/09/2026 21:50
4cb69915-2105-489b-b00e-86deda39b29b,asarum.systems,available,18.99,34.99,medium,low,6,namesilo,,,20/09/2026 12:52
3cb8b3ee-a306-4856-83ca-14668853afe2,frunze.systems,available,11.98,47.48,medium,low,6,namecheap,,,23/09/2026 21:44
89ce28d8-2e89-457d-bb9f-6a507c3a3130,butterball.systems,available,11.98,47.48,medium,low,10,namecheap,,,17/08/2026 23:59
58abdf6c-cc4a-4d67-9559-5ab685b524ae,american.systems,premium,78.54,78.54,high,low,8,namesilo,,,22/09/2026 04:09
9c9f394b-6925-48c2-94e8-ce8c45f909ba,but.systems,available,11.98,47.48,high,low,3,namecheap,,,25/09/2026 12:23
a05b5f36-ea28-4e55-b377-6870355b2105,ching.systems,available,27.2,27.2,medium,low,5,cloudflare,,,29/09/2026 08:53
c0679702-76f5-4c45-bef6-c38b76e46fb0,imminent.systems,available,11.98,47.48,medium,low,8,namecheap,,,21/08/2026 20:55
7f4b20e9-eea9-4629-a487-3d55fc3ce534,reverting.systems,available,11.98,47.48,medium,low,9,namecheap,,,09/09/2026 15:58
0ab16717-49f4-4dfe-8489-268d43f0344a,citizens.systems,available,18.99,34.99,high,low,8,namesilo,,,18/09/2026 15:13
f6049d1b-773e-4b7c-b609-03a819079823,federalism.systems,available,10.55,28.15,high,low,10,spaceship,,,29/09/2026 12:14
b86bb279-95e3-4a9b-a307-bedf73f2e236,negotiable.systems,available,11.98,47.48,medium,low,10,namecheap,,,07/08/2026 06:30
ec65a978-6a9a-4c36-b91d-2855d683ba4f,released.systems,available,21.99,,medium,low,8,name.com,,,
fe5a8943-e813-4898-a410-5ebb5093e787,laurence.systems,available,18.99,34.99,medium,low,8,namesilo,,,30/09/2026 06:35
8a3b2fd8-651e-4ab3-ace9-f40b91882dc9,aneroid.systems,available,11.98,47.48,medium,low,7,namecheap,,,
f2492ad6-3562-420e-9806-bb366afe149d,readings.systems,available,11.99,29.11,medium,low,8,dynadot,,,28/09/2026 23:42
23bb2294-1eff-44ee-8254-25dc546ff93f,uninsured.systems,available,11.98,47.48,medium,low,9,namecheap,,,12/09/2026 13:28
9c6369b3-63ed-4afa-ae77-d271a9d43f21,windmill.systems,available,18.99,34.99,high,low,9,namesilo,,,17/09/2026 13:01
73c84321-de3f-40e1-b216-f77c92aab730,thinly.systems,available,11.98,47.48,medium,low,6,namecheap,,,11/09/2026 13:26
c25827c5-8f67-4dad-9464-c7591b090ee4,feasting.systems,available,18.99,34.99,high,low,8,namesilo,,,22/09/2026 03:07
a1658468-0ba1-434b-84dd-2b9d097d9ccb,coffeeman.systems,available,21.99,,high,low,9,name.com,,,
3ecb9ab4-0197-41f8-852c-bc1d91bb1e43,spiffy.systems,available,21.99,45.99,high,low,6,name.com,,,13/08/2026 17:36
8c2e121d-5002-49ec-b1c1-44f644a11057,twiggy.systems,available,11.98,47.48,medium,low,6,namecheap,,,11/09/2026 21:34
29abce02-0702-417b-b258-b31325d8c01a,obscenity.systems,available,18.99,34.99,medium,low,9,namesilo,,,22/09/2026 16:47
9afd7165-520e-4ca8-b5f2-ddbd10b00f7a,gut.systems,available,10.55,28.15,high,low,3,spaceship,,,28/09/2026 01:05
8200249c-6e74-405b-9983-26430efcb8a8,wagon.systems,available,18,,high,low,5,unstoppable,,,29/09/2026 01:37
82a2e900-fc3a-43e7-b477-993a2e69ddc0,culpable.systems,available,11.98,47.48,medium,low,8,namecheap,,,10/08/2026 12:34
f533ebd3-5b69-4bd7-974e-a376f7f959df,culturally.systems,available,11.98,47.48,medium,low,10,namecheap,,,14/09/2026 09:57
76e34bbd-a3c4-4720-a4b6-91f471edaac0,kristin.systems,available,18.99,34.99,medium,low,7,namesilo,,,29/09/2026 03:57
61d1fb44-359b-478c-9097-25540f1de400,acetate.systems,available,11.98,47.48,medium,low,7,namecheap,,,17/09/2026 00:03
845e09fb-97de-49f1-bb70-ec0fdf120cb0,seasonal.systems,available,11.98,47.48,high,low,8,namecheap,,,10/09/2026 00:58
15fbe439-58d8-4540-9326-b36134809f51,consideration.systems,available,11.99,29.11,high,low,13,dynadot,,,28/09/2026 04:23
9268220d-a879-4699-9593-f908bc59da0d,inflected.systems,available,11.98,47.48,medium,low,9,namecheap,,,22/08/2026 04:31
7c244987-eb88-41ef-ad66-15c96735ab1a,youngest.systems,available,21.99,,high,low,8,name.com,,,
900c3dde-6eb4-408e-a49c-572d0fc3ab54,dipper.systems,available,11.98,47.48,high,low,6,namecheap,,,23/09/2026 14:29
187835fa-df44-44d8-bf7e-251188b46d7f,cyanide.systems,available,18,,medium,low,7,unstoppable,,,30/09/2026 09:19
64b2d31a-351d-4bf8-a0f9-203aa9211695,repellant.systems,available,11.98,47.48,medium,low,9,namecheap,,,14/08/2026 10:41
e36b415a-62b9-4423-a2a2-05ec37d5531d,rated.systems,available,21.99,,high,low,5,name.com,,,
ba7bc176-90fe-42d1-b5b0-ab1a62b4a8ab,treelike.systems,available,11.98,47.48,medium,low,8,namecheap,,,06/08/2026 14:01
b6f3dba5-4a94-4e1d-8611-d519df2da641,mouthcare.systems,available,21.99,,medium,low,9,name.com,,,
313634c4-e3a0-40e0-97ae-47cf913d84ff,amide.systems,available,11.98,47.48,medium,low,5,namecheap,,,18/09/2026 21:35
93b61f85-f6b4-4a3b-b2d9-0021b6b44be1,yesterday.systems,available,18.99,34.99,high,low,9,namesilo,,,28/09/2026 16:50
5bcfe0f9-b9d3-43f8-89a6-b982cd002160,bodyguard.systems,available,18.99,34.99,high,low,9,namesilo,,,24/09/2026 06:33
aac31ea8-82db-4e7e-85d6-88b38ca180b0,murcia.systems,available,27.2,27.2,medium,low,6,cloudflare,,,30/09/2026 21:06
25aadfdd-4b3e-4c04-82ce-0b952c431c99,harmsworth.systems,available,18.99,34.99,medium,low,10,namesilo,,,18/09/2026 06:27
c38036a8-e78f-4a54-aa06-96935a8bbefd,rightly.systems,available,11.98,47.48,high,low,7,namecheap,,,15/09/2026 10:16
a1f294c0-5386-4204-bb7b-482010d6c382,antilles.systems,available,18.99,34.99,medium,low,8,namesilo,,,19/09/2026 14:37
b2da1c3e-d2fd-4341-970b-db4dfbe8a5a2,wished.systems,available,11.98,47.48,medium,low,6,namecheap,,,17/09/2026 18:39
292f0aa5-c74c-466b-b83a-67cea1115c2e,apache.systems,available,18.99,34.99,high,low,6,namesilo,,,19/09/2026 16:09
b8730e20-a87e-4279-a904-fd8fe9b35526,cloven.systems,available,11.98,47.48,medium,low,6,namecheap,,,10/08/2026 06:51
d9199844-6147-4cf8-bf72-b751d559f255,detonation.systems,available,10.55,28.15,medium,low,10,spaceship,,,30/09/2026 08:10
788fe367-372f-47e0-a57b-c898cb92d87d,browbeat.systems,available,11.98,47.48,medium,low,8,namecheap,,,11/08/2026 08:53
a42fa09e-7072-4125-bfdd-7eb0f3631dba,souls.systems,available,21.99,,high,low,5,name.com,,,
fe076e97-c4e6-4885-9a59-0a104f1fa4ae,ultimatum.systems,available,18.99,34.99,high,low,9,namesilo,,,30/09/2026 11:14
1d1c7005-e4bb-4630-8c93-21b480172af7,ownerless.systems,available,11.98,47.48,medium,low,9,namecheap,,,04/09/2026 22:18
305f38c6-f34b-40ab-9aed-e77eedd27ba8,bleed.systems,available,18,,medium,low,5,unstoppable,,,28/09/2026 14:26
d41c2e98-935c-4c0c-be80-0eed727d9ac7,anergy.systems,available,18.99,34.99,medium,low,6,namesilo,,,19/09/2026 05:29
22b12289-7adb-4652-b1b6-ac46a805a6e9,docking.systems,resell,,,high,low,7,,,,29/09/2026 06:41
01d551c7-1b77-478e-8397-7f635f5a4d71,plane.systems,resell,,,high,low,5,united-domains GmbH,01/06/2024 08:46,01/06/2027 08:46,26/09/2026 08:11
b3f540fd-a2cd-496d-abe8-153915f0c22e,involving.systems,available,21.99,,medium,low,9,name.com,,,
58ef5eef-e5ae-4b04-ad4e-128e29f34ff2,agitated.systems,available,11.98,47.48,medium,low,8,namecheap,,,
bfafb670-f85c-4224-b09d-c8b10705797c,programmer.systems,premium,78.54,78.54,high,low,10,namesilo,,,29/09/2026 06:24
2831764a-ca14-4f15-95d9-86c00b3f0175,orchis.systems,available,18.99,34.99,medium,low,6,namesilo,,,21/09/2026 23:07
ae8d0eef-7438-4f23-9589-464b81a967fc,hereabouts.systems,available,11.98,47.48,medium,low,10,namecheap,,,15/09/2026 00:20
f72e34b3-7193-4fe2-93ac-726823dd4e37,companions.systems,available,10.55,28.15,medium,low,10,spaceship,,,29/09/2026 05:19
78443014-7385-45d7-b8f0-adc6017d38e9,contents.systems,available,18.99,34.99,high,low,8,namesilo,,,29/09/2026 11:23
80c14acc-2cbe-4b23-a797-f5031696d541,desirous.systems,available,11.98,47.48,medium,low,8,namecheap,,,14/08/2026 03:49
ec34e644-1e25-4299-936a-74e004cd3209,crap.systems,available,18.99,34.99,medium,low,4,namesilo,,,29/09/2026 05:21
e1421a1b-0f38-4bc1-a189-d7e301373ac0,frosty.systems,available,11.98,47.48,high,low,6,namecheap,,,18/08/2026 16:26
ed271829-3338-4e7a-ba71-529dd27bf2a8,spectral.systems,available,11.98,47.48,high,low,8,namecheap,,,06/08/2026 05:38
fb4af062-230a-4631-95a8-02f34385612e,sugarless.systems,available,11.98,47.48,medium,low,9,namecheap,,,19/09/2026 15:11
28d0b866-ff80-406a-8267-3838b4441195,judged.systems,available,11.99,29.11,medium,low,6,dynadot,,,28/09/2026 12:50
ca7bfdf1-b237-4d80-8c40-13b5936553c2,dazzled.systems,available,21.99,45.99,medium,low,7,name.com,,,13/08/2026 18:57
7f5956f5-8bf4-4f51-8cb9-c831498f7037,begonia.systems,available,18.99,34.99,medium,low,7,namesilo,,,23/09/2026 02:28
8e62da7a-a73a-4650-9690-f547719e9a91,amiably.systems,available,11.98,47.48,medium,low,7,namecheap,,,13/09/2026 17:50
87f90f29-bea9-49cd-82ef-1f6ac7bfe961,unaged.systems,available,11.98,47.48,medium,low,6,namecheap,,,12/09/2026 00:11
3c81a3a2-9ca6-4897-8029-d38a03e2e700,criminal.systems,available,11.98,47.48,high,low,8,namecheap,,,23/09/2026 19:22
cae7174c-dc3b-47d1-98a3-3a3f65ca3a5e,yogic.systems,available,11.98,47.48,medium,low,5,namecheap,,,13/09/2026 14:41
db2795a7-8f2c-4150-b266-2983d2f090ee,bombs.systems,available,21.99,45.99,medium,low,5,name.com,,,25/09/2026 21:33
91b7ccd9-4caa-48d2-b0fc-062b0b5ae96c,dartmouth.systems,available,18.99,34.99,medium,low,9,namesilo,,,25/09/2026 04:45
53ac23ae-acf6-4ee6-9686-d6c380b0aabb,agrologic.systems,available,11.98,47.48,medium,low,9,namecheap,,,
4d95778b-9785-4c5a-82f4-c7579e351b85,thunderous.systems,available,21.99,45.99,medium,low,10,name.com,,,13/08/2026 19:56
e3fdf20e-daba-4113-8180-05684cd358e8,brighter.systems,available,10.55,28.15,medium,low,8,spaceship,,,29/09/2026 10:57
9e5c3a93-1d67-4871-9567-d290b37487d9,outsized.systems,available,11.98,47.48,high,low,8,namecheap,,,04/09/2026 19:40
9ab34c92-e7dc-4a17-8488-755013de2e7c,paley.systems,available,27.2,27.2,medium,low,5,cloudflare,,,29/09/2026 15:50
95ea1fe1-736b-4420-bfdf-24d7a6dd0123,kidnapped.systems,available,18.99,34.99,medium,low,9,namesilo,,,27/09/2026 03:07
88d8bc58-9f8e-4354-97c0-501a01476be7,spurting.systems,available,11.98,47.48,medium,low,8,namecheap,,,22/08/2026 13:13
0b7cb7df-b4a3-4c72-97fc-9122d9d10777,acorea.systems,available,11.98,47.48,medium,low,6,namecheap,,,17/09/2026 02:12
ef443df5-fb73-4300-8a8e-4b13d0c2113b,alidad.systems,available,18.99,34.99,medium,low,6,namesilo,,,18/09/2026 07:31
a1b1ea3c-94d4-4f40-b63f-f99402343db1,lashing.systems,available,11.98,47.48,medium,low,7,namecheap,,,22/08/2026 20:10
cd740337-06ac-4d93-abc9-14f9594f5632,encourage.systems,available,27.2,27.2,high,low,9,cloudflare,,,30/09/2026 19:02
bc017956-47d8-47d6-9d8f-cbbad208901a,expedite.systems,premium,108.9,108.9,high,low,8,dynadot,,,30/09/2026 19:31
de662315-fcb6-4636-99ce-c6e10fa3bf4c,spangled.systems,available,11.98,47.48,high,low,8,namecheap,,,18/08/2026 21:17
c2b587e2-7fac-483d-bebe-a6efb02a7e31,pellagra.systems,available,21.99,45.99,medium,low,8,name.com,,,18/09/2026 13:55
ab1b3aff-7abe-48ea-bdb3-76411974033f,gettable.systems,available,11.98,47.48,medium,low,8,namecheap,,,18/08/2026 23:02
b2fc963f-ec58-46f3-9f13-711fc7be4d7a,dortmund.systems,available,18,,medium,low,8,unstoppable,,,29/09/2026 18:41
c475b488-0053-401c-9560-876248afdd3f,forking.systems,available,11.98,47.48,medium,low,7,namecheap,,,11/08/2026 02:19
ab2f93af-4f8b-4b73-b646-56dd8a243a97,scalene.systems,available,11.98,47.48,medium,low,7,namecheap,,,09/09/2026 22:25
9ef8f290-dd4d-49d8-8809-125b1cb6203d,shouter.systems,available,11.98,47.48,medium,low,7,namecheap,,,22/09/2026 17:05
1dbc5fe5-b827-4288-b9d8-274e72ed4759,anybody.systems,available,18.99,34.99,medium,low,7,namesilo,,,01/10/2026 00:36
eb30366d-20fe-4ca1-97e1-c6e372f48284,miniature.systems,available,11.98,47.48,high,low,9,namecheap,,,24/08/2026 23:48
89ec7a0d-24bf-4c4c-b804-6f18dfebde33,fucksome.systems,available,21.99,,low,low,8,name.com,,,
71eeb8a6-ca00-4488-90a9-df25ae26a97e,aquitaine.systems,available,18.99,34.99,medium,low,9,namesilo,,,19/09/2026 23:17
bc4c3302-9109-4caa-800a-53d5ed3a625b,endowment.systems,available,27.2,27.2,high,low,9,cloudflare,,,29/09/2026 18:11
6a46df4b-b9b5-4db0-98d8-abc951fa2220,tinny.systems,available,11.98,47.48,medium,low,5,namecheap,,,11/08/2026 09:06
3f969fcf-1f11-464d-811f-d8ca57c9ed14,boaster.systems,available,11.98,47.48,medium,low,7,namecheap,,,11/08/2026 01:18
40393004-fb42-4c42-8c5e-0e5fb0982e1c,ottar.systems,available,11.98,47.48,medium,low,5,namecheap,,,20/09/2026 19:29
a83d6f33-f07a-4737-895e-23914f36125e,baghdad.systems,available,18,,medium,low,7,unstoppable,,,29/09/2026 00:27
faab8788-9ab9-40da-b79d-f4c62cc3e4c4,slowed.systems,available,11.98,47.48,medium,low,6,namecheap,,,20/09/2026 15:42
81fc576e-10a0-4538-b713-8d4ad6db4752,enormously.systems,available,11.98,47.48,medium,low,10,namecheap,,,14/09/2026 15:47
5bb2004d-426d-4e4e-8922-4ad11b740138,scorn.systems,available,18.99,34.99,medium,low,5,namesilo,,,24/09/2026 17:41
5002b90c-6022-4d18-ba32-35d9d628e660,music.systems,resell,,,high,medium,5,NameWeb BVBA,08/07/2015 16:00,08/07/2027 16:00,28/09/2026 07:33
ec120674-4ae2-4688-9681-acd3c66c4d27,shortage.systems,available,11.84,28.32,medium,low,8,porkbun,,,28/09/2026 18:53
c24ff8b4-20ac-46f0-9c18-b551b2b1cc55,crocked.systems,available,11.98,47.48,low,low,7,namecheap,,,09/08/2026 15:34
1828f7f8-8a2e-4746-be0b-ce693c855b97,paparazzi.systems,available,18.99,34.99,high,low,9,namesilo,,,16/09/2026 14:02
e4fc8149-cbc1-40d3-836c-36b3aacc3931,boston.systems,premium,118.8,118.8,high,low,6,namesilo,,,29/09/2026 01:41
45c100f2-5ea5-43b8-b774-f4e694ebf26e,fuzzed.systems,available,11.98,47.48,medium,low,6,namecheap,,,18/08/2026 19:20
fa61b36d-9740-4c0c-8592-b17b8bd95c87,removed.systems,available,18.99,34.99,high,low,7,namesilo,,,26/09/2026 00:50
b36f1e38-e298-4e1f-b0de-b60efcaeb6f8,altogether.systems,available,11.98,47.48,high,low,10,namecheap,,,
5904ce8a-e00b-4557-b04f-1c1274c55052,ravenous.systems,available,11.98,47.48,medium,low,8,namecheap,,,15/08/2026 06:13
dc5b1c97-054e-4bb5-820a-6295544433ee,chances.systems,available,18.99,34.99,medium,low,7,namesilo,,,25/09/2026 16:56
9c895e7c-5ae9-4d88-86f8-d4c3971a775d,reversed.systems,available,27.2,27.2,high,low,8,cloudflare,,,27/09/2026 14:11
cceef37d-df5b-4797-9299-007c3e1ff64a,kerensky.systems,available,11.98,47.48,high,low,8,namecheap,,,18/09/2026 05:02
bada99fe-e6f8-4a79-be96-797015c5e21b,antimicrobial.systems,resell,,,medium,low,13,,,,30/09/2026 11:51
83a55802-53df-4188-bc85-571ef82c986e,outfitted.systems,available,11.98,47.48,high,low,9,namecheap,,,04/09/2026 19:24
2b682dd0-19a9-4d21-b689-e85a3855970e,legibility.systems,available,18.99,34.99,high,low,10,namesilo,,,24/09/2026 22:31
9757f232-efad-4ed8-a850-0e8cf67ed118,della.systems,available,18.99,34.99,medium,low,5,namesilo,,,29/09/2026 04:03
e97a5936-5b06-4ca1-993b-53a596be8bee,mangled.systems,available,11.98,47.48,medium,low,7,namecheap,,,24/08/2026 14:53
9ae9c622-1bf7-4975-b0a5-c378720c0e53,blanco.systems,available,11.99,29.11,high,low,6,dynadot,,,01/10/2026 04:49
3a9d5ab2-b383-4f84-9b5c-98b34469ebcb,saxophone.systems,available,11.99,29.11,high,low,9,dynadot,,,29/09/2026 20:17
54a3ec59-54a1-4e49-b3ac-d3fd824fd36f,lieutenant.systems,available,18.99,34.99,high,low,10,namesilo,,,28/09/2026 02:16
4f9891a8-37b8-4566-81be-5f6b7af471c7,benzene.systems,available,11.98,47.48,high,low,7,namecheap,,,23/09/2026 08:52
9bb58b5d-86f1-408c-a89e-eb9f9c26d4c3,fruitfully.systems,available,11.98,47.48,high,low,10,namecheap,,,14/09/2026 20:27
b9c8e945-6f72-4477-9322-076b358edc6f,stepfather.systems,available,18,,high,low,10,unstoppable,,,30/09/2026 22:37
af506322-c752-425d-b891-17af5ca7bd52,introduction.systems,available,21.99,,high,low,12,name.com,,,
2a787b65-27e5-40a8-a838-407c709dea05,punctuate.systems,available,18.99,34.99,high,low,9,namesilo,,,16/09/2026 21:54
312e3a5e-024b-4bd1-8a64-912dececb2f6,antibiotic.systems,available,18.99,34.99,high,low,10,namesilo,,,22/09/2026 06:14
4c4d8cf9-4b41-460d-82af-fd5901ccaa2f,introductions.systems,available,18.99,34.99,medium,low,13,namesilo,,,20/09/2026 22:09
befa7038-ef7b-44a8-989f-a67d0ce14abd,paperback.systems,available,18.99,34.99,high,low,9,namesilo,,,27/09/2026 02:40
93d6f4c7-9a89-4f41-9154-51089b644fee,quintet.systems,available,11.98,47.48,high,low,7,namecheap,,,
ff6b00e3-2ffb-4363-9697-5d1e742e3b06,undetected.systems,available,11.98,47.48,medium,low,10,namecheap,,,12/09/2026 07:57
85451731-4541-4f86-a5fd-eba9f531404f,anomic.systems,available,11.98,47.48,low,low,6,namecheap,,,
50ad9bf8-f109-49f4-bdf0-a80070c31702,rinehart.systems,available,11.99,29.11,medium,low,8,dynadot,,,29/09/2026 22:34
58ed1f12-4b43-4545-bed0-17cca414f7d7,nacl.systems,available,10.55,28.15,medium,low,4,spaceship,,,30/09/2026 22:52
b6e615a0-9971-41ab-9c97-0d416532322a,enthusiastic.systems,available,11.98,47.48,high,low,12,namecheap,,,28/09/2026 11:14
cd457d7b-5a91-4b0d-8426-c7aef35440e9,casually.systems,available,11.98,47.48,medium,low,8,namecheap,,,14/09/2026 05:25
2b901274-f087-462e-b4af-e518cdf09c52,pinkerton.systems,available,18,,high,low,9,unstoppable,,,29/09/2026 21:18
8944f1e1-f6bf-4644-ae17-3aabfcd7e9d6,uninformed.systems,available,11.98,47.48,medium,low,10,namecheap,,,12/09/2026 13:22
18f44a95-fcb9-41e7-9c1e-dcfbebc81fbf,batten.systems,available,18.99,34.99,medium,low,6,namesilo,,,22/09/2026 14:27
54aaa612-8515-4b1d-ad5b-aee42689aae9,writes.systems,available,11.98,47.48,medium,low,6,namecheap,,,17/09/2026 14:27
ea9e4e88-96a0-49ef-9aa0-c079695cf368,bawling.systems,available,11.98,47.48,medium,low,7,namecheap,,,13/09/2026 07:42
816a948f-3d57-4b40-9fa3-bc5ce7897116,jalisco.systems,available,18.99,34.99,high,low,7,namesilo,,,29/09/2026 15:31
87507c3e-a2aa-493b-9436-7434d8187345,quotation.systems,available,18.99,34.99,high,low,9,namesilo,,,01/10/2026 01:28
6f731df9-df90-4252-af4b-a475dce5a626,transports.systems,available,18.99,34.99,medium,low,10,namesilo,,,20/09/2026 13:26
a68b733a-c247-4541-a623-26c262e96243,abadan.systems,available,21.99,45.99,medium,low,6,name.com,,,16/09/2026 13:48
d03f031e-76d3-4e71-a939-8880ef80a5a2,cassette.systems,available,11.98,47.48,high,low,8,namecheap,,,29/09/2026 07:37
9c077d85-84db-4ca7-9673-f37ac2c0e745,mccauley.systems,available,11.84,28.32,medium,low,8,porkbun,,,01/10/2026 02:59
3fafb44e-1062-421e-9c15-62dc0816e233,hypnagogic.systems,available,11.98,47.48,medium,low,10,namecheap,,,21/08/2026 17:03
8a4893b4-65ef-42cc-b336-970ef1303b68,livid.systems,available,11.98,47.48,medium,low,5,namecheap,,,07/08/2026 02:24
8b8bff78-af5a-49df-96e4-422023ba8e65,anthozoa.systems,available,11.98,47.48,medium,low,8,namecheap,,,17/09/2026 05:01
37b3cf8c-3776-4f71-8f87-98d3dae46bab,reformed.systems,available,11.98,47.48,high,low,9,namecheap,,,09/09/2026 10:53
4743792d-2f9a-4ea6-8589-6dc93ab58795,crowell.systems,available,18.99,34.99,medium,low,7,namesilo,,,29/09/2026 09:14
c278567f-3550-4570-b3e6-1e9e8476d179,afterbirth.systems,available,18.99,34.99,medium,low,10,namesilo,,,17/09/2026 15:34
39911502-d02b-4ec6-a9bd-23f26581effc,lapsing.systems,available,11.98,47.48,medium,low,7,namecheap,,,09/09/2026 16:15
4ee4e123-5638-4647-89b8-c12f8b3a796a,jamal.systems,available,18.99,34.99,medium,low,5,namesilo,,,29/09/2026 03:56
b820e540-3f0e-4a6f-b600-64f55228ab8c,abasia.systems,available,18.99,34.99,medium,low,6,namesilo,,,16/09/2026 14:05
6ceeaa25-11ce-4dda-b555-ab1d03d9ef48,anthropology.systems,available,18.99,34.99,high,low,12,namesilo,,,29/09/2026 16:22
694c4048-b2fb-476f-a33f-2b71326e4cab,coffin.systems,available,18,,medium,low,6,unstoppable,,,29/09/2026 07:35
27443f98-4f05-484f-bafc-6b85023923ac,asker.systems,available,11.98,47.48,medium,low,5,namecheap,,,20/09/2026 14:27
c47f4af8-251d-4bf9-8b67-92618330270d,knicks.systems,available,11.98,47.48,high,low,6,namecheap,,,30/09/2026 13:14
640ded77-fd44-4af9-912b-458044c6ba47,ancona.systems,available,18.99,34.99,high,low,6,namesilo,,,30/09/2026 03:22
4ad7fbc2-5644-443c-9946-28738f87a704,coincide.systems,available,10.55,28.15,high,low,8,spaceship,,,29/09/2026 14:11
22292fb6-2e01-4ac4-8baf-39d78ab36c57,slur.systems,available,11.98,47.48,medium,low,4,namecheap,,,20/09/2026 14:59
d7a19e29-cef2-4530-89d7-79f3f4b546a2,efferent.systems,available,11.98,47.48,high,low,8,namecheap,,,15/08/2026 14:22
803a27fc-eecb-468b-84ce-6673e74348d3,sheepdog.systems,available,21.99,,high,low,9,name.com,,,
439658ba-022a-4732-be55-ea385ae44b17,bushwhack.systems,available,11.98,47.48,medium,low,9,namecheap,,,18/09/2026 17:32
386180ef-f49f-4c3f-8c82-b4a107c08bea,bellingham.systems,available,18.99,34.99,high,low,10,namesilo,,,23/09/2026 06:12
9bbaefc8-370c-4d08-92ab-e68255c9497d,roland.systems,available,18,,high,low,6,unstoppable,,,28/09/2026 07:46
e9dca94d-7419-4362-b15b-5c8c4b5194c2,haircut.systems,available,18.99,34.99,high,low,7,namesilo,,,29/09/2026 21:56
616437e3-5e95-4678-a914-3858db4f8b47,vase.systems,available,11.84,28.32,high,low,4,porkbun,,,28/09/2026 11:03
82748cd9-43eb-4575-a84b-4b98f1982514,preferably.systems,available,11.98,47.48,medium,low,10,namecheap,,,15/09/2026 21:14
195aaf41-87f4-4e44-9be0-51baf0bbef0d,froze.systems,available,21.99,,low,low,5,name.com,,,
12799a59-70f7-4a93-a3ef-2ba45f6e7cc8,smashingly.systems,available,11.98,47.48,medium,low,10,namecheap,,,16/09/2026 02:49
9f0c2028-9028-413d-a6ad-60d9b8f727df,auxesis.systems,available,18.99,34.99,medium,low,7,namesilo,,,21/09/2026 08:33
8c385268-250c-4665-bfe8-85ffe5127968,violently.systems,available,18.99,34.99,medium,low,9,namesilo,,,16/09/2026 11:00
44d0ec3d-b080-45d8-af7e-85f11c8be8ee,researched.systems,available,11.99,29.11,medium,low,10,dynadot,,,01/10/2026 00:58
2fccf3bf-7da8-4cd1-863b-1a8b44ff3c37,necessarily.systems,available,27.2,27.2,medium,low,11,cloudflare,,,01/10/2026 01:47
be21e48b-22f0-4d65-838c-fb76c0c1edee,submitted.systems,available,18.99,34.99,medium,low,9,namesilo,,,29/09/2026 10:53
a95ac591-00b9-4a00-9191-64d073c4f7be,oafish.systems,available,11.98,47.48,medium,low,6,namecheap,,,10/08/2026 19:32
201d044e-41f8-4f46-a4ad-f921c2a549fb,cyprinid.systems,available,21.99,45.99,medium,low,8,name.com,,,13/08/2026 14:27
6c801cf2-24ea-4d96-a31a-ff0e25340948,hypertension.systems,available,11.99,29.11,medium,low,12,dynadot,,,30/09/2026 06:11
e7be0e55-86dd-424d-8d66-6a34f9d4d438,enzymes.systems,available,18.99,34.99,medium,low,7,namesilo,,,30/09/2026 14:37
66c87f28-9fb1-4232-a303-bc517f383f84,amoy.systems,available,18.99,34.99,medium,low,4,namesilo,,,18/09/2026 23:05
aad59124-0e4d-4ded-aeb2-b1f1f0466ff3,adventitia.systems,available,18.99,34.99,medium,low,10,namesilo,,,17/09/2026 10:36
7e2c23c3-6875-49c2-bfd7-49cced9b1efb,ponderous.systems,available,11.98,47.48,medium,low,9,namecheap,,,24/08/2026 11:10
8a9c8cc2-fb87-45d7-8d5f-542cb57651e2,alacritous.systems,available,11.98,47.48,medium,low,10,namecheap,,,
56983ce2-e221-44a2-8800-5f3a76dfcc4f,oldline.systems,available,11.98,47.48,medium,low,7,namecheap,,,04/09/2026 01:51
107f775e-72c7-427c-b832-62a25960ed22,patience.systems,available,18.99,34.99,high,low,8,namesilo,,,25/09/2026 06:07
b49e72c9-7348-4dfa-a179-04f9090dad76,drugs.systems,available,18.99,34.99,medium,low,5,namesilo,,,25/09/2026 16:42
f89be571-8d13-41fc-b1a4-5a62334d96a7,santander.systems,available,10.55,28.15,high,low,9,spaceship,,,29/09/2026 15:39
86e353f5-896a-4447-8096-a065215b4689,mosquitos.systems,available,11.98,47.48,low,low,9,namecheap,,,18/09/2026 14:26
7784841d-7c74-4be8-84ea-ed27154a488a,dispute.systems,available,11.99,29.11,medium,low,7,dynadot,,,28/09/2026 13:42
d0018821-1d5c-478a-a915-6d2908559912,lockport.systems,available,18.99,34.99,medium,low,8,namesilo,,,30/09/2026 13:59
8415b475-68a9-4ac9-9dfe-29bc775b8b9a,piddle.systems,available,11.98,47.48,low,low,6,namecheap,,,13/09/2026 08:06
c4c1e4cc-cb82-49d8-b0b1-d476ceb467f3,kastler.systems,available,18.99,34.99,medium,low,7,namesilo,,,18/09/2026 06:34
ed585499-1178-4781-bbd6-628fd09cd0f3,feminism.systems,available,18,,high,low,8,unstoppable,,,29/09/2026 19:12
5d926b4e-814f-45f5-9a22-c82884643d96,cacophony.systems,available,11.98,47.48,medium,low,9,namecheap,,,10/08/2026 13:13
7a78ff19-f23e-4f46-9397-5e0d5254beaa,nattily.systems,available,11.98,47.48,medium,low,7,namecheap,,,15/09/2026 16:12
d5595be0-ebbb-4913-acfb-731160042993,knitting.systems,available,11.98,47.48,high,low,8,namecheap,,,29/09/2026 01:31
c5205c17-caa2-4450-a3c4-43ce0d91656c,teaser.systems,available,18.99,34.99,high,low,6,namesilo,,,19/09/2026 10:50
a1524cf7-22a1-48a2-b142-183f1a7f3033,baya.systems,available,11.98,47.48,medium,low,4,namecheap,,,22/09/2026 17:54
194e0aaa-a0cc-4d65-b5dc-2e9a31e1efca,ballyrag.systems,available,11.98,47.48,medium,low,8,namecheap,,,11/08/2026 08:57
85ec3614-851f-4bae-8284-808af7878f4a,alsace.systems,available,18.99,34.99,medium,low,6,namesilo,,,18/09/2026 14:15
d508d70e-aac0-4676-95b5-fdfd14fb3657,clastic.systems,available,11.98,47.48,medium,low,7,namecheap,,,12/08/2026 09:56
22a6c412-f707-4d3a-b560-c698e94ae220,wars.systems,available,11.98,47.48,medium,low,4,namecheap,,,18/09/2026 16:04
9d829e00-5487-47ba-85a5-24166daa2dfc,indecent.systems,available,18.99,34.99,medium,low,8,namesilo,,,25/09/2026 09:06
9f11a821-2dc6-42f1-beef-11fefc75e192,roddy.systems,available,10.55,28.15,medium,low,5,spaceship,,,30/09/2026 20:26
13795bf8-1b1e-4ecd-a651-4fe2d72bd2ed,derivable.systems,available,11.98,47.48,medium,low,9,namecheap,,,14/08/2026 03:00
d831634e-0a4d-483a-a0f8-c369fa01d4a1,hayseed.systems,available,11.98,47.48,medium,low,7,namecheap,,,21/08/2026 08:05
d25802bc-bb5b-4ded-b26a-54639669482b,bib.systems,available,11.98,47.48,high,low,3,namecheap,,,23/09/2026 12:42
b6daf140-54ce-4f89-ab2d-826e025e1a49,crosspatch.systems,available,11.98,47.48,medium,low,10,namecheap,,,13/08/2026 05:02
d2f89a9d-1148-4780-85f4-38eef9d0ece9,kimberly.systems,available,18.99,34.99,medium,low,8,namesilo,,,28/09/2026 08:56
1620c512-f466-4d28-aef0-af9581036eca,swat.systems,available,10.55,28.15,high,low,4,spaceship,,,30/09/2026 18:52
382582c8-8710-4b48-ab82-bd634a9ff213,untaxed.systems,available,11.98,47.48,medium,low,7,namecheap,,,11/09/2026 09:28
7efde4d2-de40-457a-9346-8fc6fb3b1dfe,downfield.systems,available,11.98,47.48,high,low,9,namecheap,,,14/08/2026 17:39
c581e5d9-bfc0-4c46-ac17-201335dc4400,easterly.systems,available,11.98,47.48,medium,low,8,namecheap,,,14/08/2026 22:51
a94e11be-8758-4e8f-823b-90e376ee73fc,inharmonic.systems,available,11.98,47.48,low,low,10,namecheap,,,14/08/2026 10:54
c33e90a2-6bde-40ee-8ba9-dbbf739cb65e,punctured.systems,available,11.98,47.48,medium,low,9,namecheap,,,08/09/2026 16:56
0fa0a8f0-effb-462b-83f7-309f36215f75,officials.systems,available,18.99,34.99,medium,low,9,namesilo,,,17/09/2026 12:28
66380795-50f7-4b59-bdc6-ed87ddb6a455,presentation.systems,available,21.99,,high,low,12,name.com,,,
7fb2fd83-59b5-4fc0-8beb-a7eb6de1cbc8,asme.systems,available,10.55,28.15,high,low,4,spaceship,,,29/09/2026 21:46
8530eec7-5bed-417b-b116-f8e3aeb0dfc1,libidinous.systems,available,11.98,47.48,medium,low,10,namecheap,,,22/08/2026 20:09
9f6f5a13-7b20-4507-b0c8-db789d45e881,osmium.systems,available,18.99,34.99,medium,low,6,namesilo,,,20/09/2026 23:48
c2e8d881-75f5-4354-8464-127833b35bcc,lagoon.systems,available,27.2,27.2,high,low,6,cloudflare,,,29/09/2026 07:27
726401dd-3d27-4802-8480-5c70dd8bbdf9,cleverness.systems,available,11.98,47.48,high,low,10,namecheap,,,24/09/2026 15:36
18dd9650-f8ee-443b-9736-76531736becf,attire.systems,available,18.99,34.99,high,low,6,namesilo,,,21/09/2026 01:52
25416f54-672d-4e25-bd03-8e07c1d7f1ae,landscaped.systems,available,11.98,47.48,medium,low,10,namecheap,,,22/08/2026 19:30
ea45d84c-d3e5-4952-a5f3-a35cc7cc8422,bsarch.systems,available,18.99,34.99,medium,low,6,namesilo,,,21/09/2026 14:16
bb9c9187-69ab-4a5d-a403-d6e48e909c4a,scarred.systems,available,18.99,34.99,medium,low,7,namesilo,,,25/09/2026 17:02
3ff14397-2f27-48d2-96fd-d14c53a5e2b9,unsaved.systems,available,11.98,47.48,medium,low,7,namecheap,,,12/09/2026 17:57
aa076cad-0341-4f04-8cc1-105efcbbb029,curricular.systems,available,11.98,47.48,high,low,10,namecheap,,,13/08/2026 11:29
b8157bf6-6b0e-460a-a6b1-1ab3643822b8,usda.systems,available,11.98,47.48,high,low,4,namecheap,,,17/09/2026 19:25
fd4d663c-dec9-4c2b-9d94-4fc589714578,considerably.systems,available,18.99,34.99,medium,low,12,namesilo,,,29/09/2026 14:23
e223d0c5-f6df-429f-bb10-59116f51cc15,geriatric.systems,available,11.98,47.48,medium,low,9,namecheap,,,18/08/2026 22:42
99d354dc-89ff-4fac-985f-50a7a2132c0a,testis.systems,available,21.99,45.99,high,low,6,name.com,,,21/09/2026 22:59
847ba8af-ee05-4365-a17a-cbec670482db,predilection.systems,available,21.99,,high,low,12,name.com,,,
5b5da8e1-2783-4947-b2f7-253f48b35903,bimonthly.systems,available,11.98,47.48,high,low,9,namecheap,,,09/08/2026 22:42
4ba31309-049a-4342-b3a9-b9b64316be4b,billiards.systems,available,18.99,34.99,high,low,9,namesilo,,,23/09/2026 16:23
e8df7a19-e206-43b4-8ae5-202218a58c2d,suppression.systems,premium,218.8,437.19,medium,low,11,porkbun,,,30/09/2026 14:12
71e02385-6872-4b4c-93ef-9eb1c676d2e9,figuring.systems,available,10.55,28.15,high,low,8,spaceship,,,29/09/2026 12:20
4021a855-e667-45c5-91ed-1e0f38a18b39,ragweed.systems,available,11.98,47.48,medium,low,7,namecheap,,,23/09/2026 08:50
5b137b5d-a502-4dbf-a9c0-7d9cc0ffb0ee,unplug.systems,available,10.55,28.15,high,low,6,spaceship,,,29/09/2026 15:31
01893c09-fb08-4027-979d-490e5eff94ce,betterment.systems,available,11.98,47.48,high,low,10,namecheap,,,18/09/2026 18:20
420ee771-75f6-4f9e-b8ca-27adf6a55401,teaspoons.systems,available,18.99,34.99,medium,low,9,namesilo,,,19/09/2026 22:48
f9a42f2d-1e0d-401b-8648-5b57cc333714,tweedy.systems,available,11.98,47.48,medium,low,6,namecheap,,,21/08/2026 11:21
ac037cfd-97cb-41fe-b0a8-94a1befe0b2b,thrace.systems,available,18.99,34.99,medium,low,6,namesilo,,,28/09/2026 20:38
be7adf59-0b75-4c4c-b4ae-4e728e4069f4,bestseller.systems,available,18.99,34.99,high,low,10,namesilo,,,23/09/2026 10:31
56da20b5-0171-41ce-892a-81f64c14a07e,colette.systems,available,18.99,34.99,high,low,7,namesilo,,,30/09/2026 09:13
2d7a320f-0fac-4e32-a271-70778d33b43e,assam.systems,available,11.98,47.48,high,low,5,namecheap,,,20/09/2026 15:42
898fc569-71c8-4a5c-958a-c052ba9283f8,femoral.systems,available,11.98,47.48,medium,low,7,namecheap,,,18/08/2026 01:05
bdefa084-4325-4642-b559-742043f5ea9e,discordant.systems,available,11.98,47.48,medium,low,10,namecheap,,,14/08/2026 10:00
35efb422-f9e7-4d60-8564-0293f3a0122f,liang.systems,available,18,,high,low,5,unstoppable,,,29/09/2026 22:32
ab20faae-3a07-4343-bb1c-1185f9a6163b,superable.systems,available,11.98,47.48,medium,low,9,namecheap,,,11/09/2026 02:14
4a6e90dc-49b1-49c5-83ba-f453e3d5db3c,cups.systems,available,18.99,34.99,medium,low,4,namesilo,,,18/09/2026 07:17
ac53427c-51a9-480a-b6c4-527d373c91bf,forrad.systems,available,11.98,47.48,medium,low,6,namecheap,,,18/08/2026 12:58
1b0e9228-4042-4555-b8f1-a83b38fd3910,lui.systems,available,11.98,47.48,medium,low,3,namecheap,,,29/09/2026 15:19
c8195b07-d215-447a-92cd-44072c1de722,alizarine.systems,available,18.99,34.99,medium,low,9,namesilo,,,18/09/2026 08:13
f1b105d5-cb35-4dc7-b271-4a218711b748,keyserver.systems,available,21.99,,medium,low,10,name.com,,,
a0429711-8f88-4220-a8c4-f1e81df4a687,canteen.systems,available,18.99,34.99,high,low,7,namesilo,,,24/09/2026 12:09
bb911a94-3f90-422f-97b8-a58a24510501,coordinates.systems,available,10.55,28.15,medium,low,11,spaceship,,,30/09/2026 15:15
6b358cc8-a962-42e3-af4d-94b3ecdd1673,tooth.systems,available,11.98,47.48,high,low,5,namecheap,,,19/09/2026 18:20
08b6f0b9-4f5f-4b9d-8440-8f0706e627db,nosocomial.systems,available,11.98,47.48,low,low,10,namecheap,,,03/09/2026 21:56
445f32c0-89e2-469b-936a-09c9f3b57aa8,orbitual.systems,available,11.98,47.48,medium,low,8,namecheap,,,04/09/2026 17:39
ce6c2a53-f6b0-4e26-a5b9-aaa7b3b18f97,smaller.systems,available,18.99,34.99,high,low,7,namesilo,,,25/09/2026 14:03
a11b29df-aab3-4504-8297-10dfb8915de9,weaponry.systems,available,18.99,34.99,high,low,8,namesilo,,,20/09/2026 07:43
e5d53c84-5a2b-48da-b8eb-6e6e39eb144c,notch.systems,available,11.99,29.11,high,low,5,dynadot,,,28/09/2026 10:27
00a536a2-db15-4534-8643-4c03b6714678,ankle.systems,available,18.99,34.99,high,low,5,namesilo,,,19/09/2026 09:40
2d176b40-2250-4d75-91f6-bc48d0e643d8,unwashed.systems,available,11.98,47.48,medium,low,8,namecheap,,,08/09/2026 21:02
fecd8b54-ef25-494c-bc53-306c00fc14a6,fact.systems,available,27.2,27.2,high,low,4,cloudflare,,,29/09/2026 18:51
5b24b1c6-09ec-4b09-b782-439d88decaa0,biweekly.systems,available,11.98,47.48,high,low,8,namecheap,,,10/08/2026 09:30
63a8d6e2-34b6-4c0d-851f-c5d37490e916,developmental.systems,available,10.55,28.15,high,low,13,spaceship,,,29/09/2026 02:36
744c0c7e-29a5-4ed1-8984-51d547d834e6,themes.systems,available,18,,medium,low,6,unstoppable,,,30/09/2026 06:34
be603354-4c73-4078-bbb6-f951031ab22c,socorro.systems,available,11.84,28.32,high,low,7,porkbun,,,30/09/2026 21:57
21bbf5c0-625b-4a62-8298-29e266f5f159,sudden.systems,available,18,,high,low,6,unstoppable,,,28/09/2026 01:51
1f81f3c3-2f21-488c-b4bf-2097a4a799a5,obstruct.systems,available,19.99,59.99,high,low,8,godaddy,,,01/10/2026 01:09
bf4bda6d-df35-4131-bfb1-39f920ee7187,childish.systems,available,11.98,47.48,high,low,8,namecheap,,,12/08/2026 05:02
52505944-1859-4e61-be17-7b74c9c3e0d1,sunup.systems,available,11.98,47.48,high,low,5,namecheap,,,11/09/2026 02:09
f5c35aaa-717b-4677-b37b-0fbd11adb889,apocope.systems,available,11.98,47.48,medium,low,7,namecheap,,,19/09/2026 18:11
47f306c4-e810-484c-992f-1bae4be16dd3,esophageal.systems,available,11.98,47.48,medium,low,10,namecheap,,,17/08/2026 13:16
e38dc7c7-27ad-4cce-9621-30aa6a14038c,intestines.systems,available,11.99,29.11,low,low,10,dynadot,,,30/09/2026 22:51
0bad0961-3bda-4c24-9d31-eb791b6f8362,plucked.systems,available,11.98,47.48,medium,low,7,namecheap,,,08/09/2026 21:28
15fecc0b-dec6-46aa-9106-561a04ebe07b,caller.systems,available,11.98,47.48,high,low,6,namecheap,,,11/08/2026 14:28
18945500-5ebb-4f23-ac11-08e402f412a1,sentencing.systems,available,10.55,28.15,high,low,10,spaceship,,,29/09/2026 23:41
a188d586-9124-4149-be1a-756b3bd6bfa7,biloxi.systems,available,18.99,34.99,high,low,6,namesilo,,,23/09/2026 16:52
3182392a-236b-41c0-911b-384321da1bc8,pregnancy.systems,available,18,,high,low,9,unstoppable,,,28/09/2026 02:22
264deca7-e748-46f3-8889-361335379087,mailing.systems,available,19.99,59.99,high,low,7,godaddy,,,30/09/2026 02:11
5a7f994e-380c-4d92-a18f-4fc84eda956b,projecting.systems,available,11.98,47.48,high,low,10,namecheap,,,22/08/2026 14:48
03e4ddd8-16b6-48f5-8a00-bffd0934e30d,forearm.systems,available,10.55,28.15,high,low,7,spaceship,,,30/09/2026 01:41
f959af34-97f0-454f-ab47-f92852816687,editors.systems,available,11.84,28.32,medium,low,7,porkbun,,,29/09/2026 17:03
90aede61-a355-47d1-b82e-9bdfab2a10f9,companies.systems,available,10.55,28.15,high,low,9,spaceship,,,01/10/2026 02:54
92aed4d0-794c-42db-8f77-457ae1dd846e,accessories.systems,available,18.99,34.99,medium,low,11,namesilo,,,28/09/2026 10:52
5ba3c669-287b-45ba-b70b-4981a625f7cf,taiwanese.systems,available,11.98,47.48,high,low,9,namecheap,,,18/08/2026 12:14
e58b9450-1a5e-451e-8b49-50cb10335542,agromania.systems,available,11.98,47.48,medium,low,9,namecheap,,,17/09/2026 19:38
448ea970-699e-43a3-a26c-822d6fa13c16,dogmatism.systems,available,18.99,34.99,medium,low,9,namesilo,,,23/09/2026 15:23
dcf35566-0f95-4e5b-8aa9-554187765394,share.systems,resell,,,high,medium,5,"Spaceship, Inc.",11/04/2025 15:15,11/04/2027 15:15,29/09/2026 11:30
701223bd-69fb-49db-ba3f-216ae754f530,goonie.systems,available,11.98,47.48,medium,low,6,namecheap,,,23/09/2026 23:45
0cac5405-43e9-4b10-932e-62b79f58a4bb,waiting.systems,available,18.99,34.99,high,low,7,namesilo,,,27/09/2026 10:28
0f4d35e3-9847-4a94-a384-29202416614d,oder.systems,available,11.99,29.11,medium,low,4,dynadot,,,28/09/2026 20:01
5a3d8ace-dd2d-4f38-8147-86e14f48c6e2,authoring.systems,available,10.55,28.15,high,low,9,spaceship,,,30/09/2026 11:46
ee369618-a807-43f9-a716-a120eae74457,rented.systems,available,11.98,47.48,medium,low,6,namecheap,,,17/09/2026 18:45
01baa506-b6ad-442d-87ad-7694552c9727,spoil.systems,available,11.98,47.48,high,low,5,namecheap,,,09/09/2026 08:16
a35d80db-d3a4-468a-a820-384d1940e86a,eleventh.systems,available,,,high,low,8,,,,
4c3baf8f-21c4-4890-a8a5-210eb8fa6743,cleaver.systems,available,18,,medium,low,7,unstoppable,,,29/09/2026 09:55
5e1e2003-bc09-40fa-9ff2-68f7ce0b80ce,nailed.systems,available,18.99,34.99,medium,low,6,namesilo,,,18/09/2026 21:49
a7223658-f465-41b9-b675-6e2d0e73d78f,harte.systems,available,18.99,34.99,medium,low,5,namesilo,,,01/10/2026 01:12
2a2e54d0-bfff-4b77-8d04-b4cec49cf67a,wooly.systems,available,11.98,47.48,high,low,5,namecheap,,,18/08/2026 08:45
71dd2fe7-3ebe-4be8-979d-d7a7ce86f905,moderato.systems,available,11.98,47.48,medium,low,8,namecheap,,,25/08/2026 02:58
3049255f-faac-431e-8482-098a3035db93,genuine.systems,available,18.99,34.99,high,low,7,namesilo,,,24/09/2026 13:20
cf02fb32-2bba-4858-8d1f-dcb32dd2fdbf,sporadic.systems,available,11.98,47.48,medium,low,8,namecheap,,,10/09/2026 16:29
d7b9e353-ba83-4803-82e4-0732d8c016d4,explicit.systems,available,11.98,47.48,high,low,8,namecheap,,,17/08/2026 18:24
b5d76ad0-9394-439e-9c6c-f2ec31d9bc33,guitarist.systems,available,10.55,28.15,high,low,9,spaceship,,,01/10/2026 02:21
ace9e570-879a-4485-9fc7-89e0f7f70d95,karpov.systems,available,18.99,34.99,high,low,6,namesilo,,,19/09/2026 03:27
3f200d64-ab17-4941-93e2-8b33bb5683b4,aventurine.systems,available,11.98,47.48,medium,low,10,namecheap,,,21/09/2026 09:07
12137624-e9a8-4977-8cd9-eec5c1f0ceef,adjuvant.systems,available,11.98,47.48,medium,low,8,namecheap,,,
b8929011-68a7-4d2b-8f59-120c637d3df2,spinach.systems,available,27.2,27.2,high,low,7,cloudflare,,,30/09/2026 10:54
607cf0f6-156f-4f4d-bd35-a0663ca3fb64,prodigious.systems,available,11.98,47.48,high,low,10,namecheap,,,12/08/2026 17:58
20f7bb3d-11a1-4e0c-ac61-17146ee7591b,glucose.systems,available,18.99,34.99,high,low,7,namesilo,,,29/09/2026 01:05
f544475e-bd47-4937-9a75-7240e6aa2131,mankind.systems,available,18.99,34.99,high,low,7,namesilo,,,28/09/2026 02:08
8b6d01ff-a8dc-4003-a96f-6270f21c99b7,rubinstein.systems,available,18.99,34.99,medium,low,10,namesilo,,,19/09/2026 15:30
307406e7-5486-4337-8120-b714a491cba6,joaquin.systems,available,18.99,34.99,medium,low,7,namesilo,,,25/09/2026 16:17
a0535396-96bd-419d-bd20-c0b3fabce032,singsong.systems,available,11.98,47.48,medium,low,8,namecheap,,,12/08/2026 02:09
a354c4e2-2a09-4678-9b4d-51c321585e50,obliged.systems,available,27.2,27.2,medium,low,7,cloudflare,,,28/09/2026 11:17
ae23b16d-c3ba-4274-9ef2-7425d92ec0d3,always.systems,available,18.99,34.99,high,medium,6,namesilo,,,28/09/2026 12:09
22950104-477f-48d0-8e97-d12bdb7bc3b5,guard.systems,premium,440,440,high,low,5,dynadot,,,29/09/2026 21:40
0e24c6f1-8eb4-4664-8f7a-d99b57ae5b2b,plumber.systems,premium,108.9,108.9,high,low,7,dynadot,,,29/09/2026 20:00
29c7cb79-cd9f-42a2-8743-f4cfb7ecb831,blinking.systems,available,18.99,34.99,high,low,8,namesilo,,,22/09/2026 21:58
71a0f3ac-5611-4999-ac92-756fd7af1634,guerrero.systems,available,10.55,28.15,medium,low,8,spaceship,,,28/09/2026 04:07
8f43b272-f2ea-4b67-8724-bd05529ed06a,auxin.systems,available,18.99,34.99,medium,low,5,namesilo,,,21/09/2026 08:33
b20720f5-4426-459f-b96d-e1ab09f948d8,caron.systems,available,10.55,28.15,high,low,5,spaceship,,,30/09/2026 19:21
a5e66741-2737-46a3-8113-8523978ecea4,casualties.systems,available,11.84,28.32,medium,low,10,porkbun,,,27/09/2026 21:53
a56562a9-371d-4a8a-9603-1f73cfbf3282,polyatomic.systems,available,11.98,47.48,medium,low,10,namecheap,,,08/09/2026 23:10
358de804-5736-448d-8458-5c2ff764ef5f,fowl.systems,available,18.99,34.99,high,low,4,namesilo,,,30/09/2026 17:01
5b3cc5eb-09b3-4143-8c23-2ffc7c0cd1a9,when.systems,available,18.99,34.99,high,low,4,namesilo,,,30/09/2026 22:54
d5017dd5-cc44-4129-8e28-809969f4b40b,asunder.systems,available,11.98,47.48,medium,low,7,namecheap,,,07/08/2026 10:20
ffb9ab55-bbec-4c1d-9c6e-44172795f471,invention.systems,available,19.99,59.99,high,low,9,godaddy,,,28/09/2026 02:09
fca7204d-5407-486a-b86c-db7ea54708b9,interrogate.systems,available,10.55,28.15,high,low,11,spaceship,,,01/10/2026 05:15
b5bb13c9-d582-4ac3-b4ee-f93562cd3c26,rotc.systems,available,10.55,28.15,high,low,4,spaceship,,,29/09/2026 02:02
de592fb8-b8eb-47cc-8fb3-5cdaadf1bdb1,regrets.systems,available,11.99,29.11,medium,low,7,dynadot,,,28/09/2026 15:15
2d61b5c8-f368-4d71-89a0-81a8e630f703,alcohols.systems,available,11.98,47.48,medium,low,8,namecheap,,,20/09/2026 18:31
3754c9df-03be-4894-b95e-78283989770a,bevy.systems,available,18.99,34.99,medium,low,4,namesilo,,,23/09/2026 12:05
ab34f23b-91d2-4229-bb7b-586b4b57cb75,advised.systems,available,10.55,28.15,high,low,7,spaceship,,,01/10/2026 02:49
9692932a-1256-4c74-90d6-eef4e9fa7971,served.systems,available,18.99,34.99,medium,low,6,namesilo,,,25/09/2026 17:23
ad989f39-d03c-4449-b4bc-c8ee52fad7c2,rotund.systems,available,11.98,47.48,medium,low,6,namecheap,,,13/08/2026 01:59
38fad35a-67fa-4f01-90c6-b778ff52c31a,merging.systems,available,11.98,47.48,high,low,7,namecheap,,,24/08/2026 20:43
3ac8f704-010e-4220-b785-eff9bfcf1c54,distrust.systems,available,11.98,47.48,high,low,8,namecheap,,,24/09/2026 23:13
79bf799a-2189-4d9d-956f-470459d84a02,encircled.systems,available,11.98,47.48,medium,low,9,namecheap,,,16/08/2026 22:19
082868f5-73f6-4f0c-b0a9-6c79f8e134e2,blanched.systems,available,11.98,47.48,medium,low,8,namecheap,,,07/08/2026 02:14
529f2ba5-e071-4542-94de-e67773b17e15,auxetic.systems,available,11.98,47.48,medium,low,7,namecheap,,,07/08/2026 21:28
9f8cb760-a9e6-4dc7-832d-0f0f331a6a95,integrally.systems,available,11.98,47.48,high,low,10,namecheap,,,15/09/2026 08:51
ccdf428e-3cc2-41cf-85df-a001621269ff,hobart.systems,available,18.99,34.99,high,low,6,namesilo,,,25/09/2026 07:24
0cd9fec6-66e4-4b7b-bf59-66230dc44f34,doolittle.systems,available,11.98,47.48,medium,low,9,namecheap,,,29/09/2026 00:40
8773e26a-3c3b-4854-9139-a47e065a962a,advisement.systems,available,18.99,34.99,high,low,10,namesilo,,,17/09/2026 11:32
620d8eaf-8b83-44e8-81db-2a63d8df3d4f,cockamamy.systems,available,11.98,47.48,low,low,9,namecheap,,,12/08/2026 14:49
4c50891d-fd64-44b0-beaf-609b54372ea0,skewed.systems,available,11.98,47.48,medium,low,6,namecheap,,,10/09/2026 09:28
23f5fb3c-8479-4d6e-9e6f-2a5823b09228,medway.systems,available,18,,medium,low,6,unstoppable,,,30/09/2026 21:37
59d535b6-6cad-4063-abbc-fe9a3cdb17f6,vagus.systems,available,11.98,47.48,high,low,5,namecheap,,,08/09/2026 22:09
8fbb40ba-86b5-402c-a6a5-40738a4e2e63,keenly.systems,available,11.98,47.48,high,low,6,namecheap,,,15/09/2026 10:20
efe9de85-a043-4c1c-b83d-e95fec4b1287,loves.systems,available,21.99,45.99,high,low,5,name.com,,,25/09/2026 18:55
b051b73f-80c3-47bd-bc14-a7a710bcc73d,laureate.systems,available,11.98,47.48,high,low,8,namecheap,,,22/08/2026 20:57
1e2bb72b-5d7e-4ed0-bee6-65512174159e,bedlam.systems,available,18.99,34.99,medium,low,6,namesilo,,,22/09/2026 23:22
be391d4a-1d95-4bd6-94bd-6acc82c964ff,fatah.systems,available,11.98,47.48,medium,low,5,namecheap,,,18/09/2026 00:27
bb6d2ccf-57a6-41ca-88c3-fe00eff0d442,navarino.systems,available,18.99,34.99,medium,low,8,namesilo,,,22/09/2026 15:32
9fe44857-c25b-4cf0-8414-5bf5968ba275,anguis.systems,available,18.99,34.99,high,low,6,namesilo,,,19/09/2026 07:34
73822eae-cf1c-4cef-a86b-10d0905993d7,buy.systems,resell,,,high,medium,3,"Spaceship, Inc.",19/03/2014 16:00,19/03/2027 16:00,28/09/2026 15:25
39641453-38c5-4c07-8949-23e75e1ec0a0,standpoint.systems,available,11.99,29.11,high,low,10,dynadot,,,01/10/2026 03:19
ebbf7b2e-38a4-4dcb-b003-2767a617dd92,autistic.systems,available,,,high,low,8,,,,
9e990e1e-7f67-4b87-918d-ba36e7fc5138,dromedary.systems,available,11.98,47.48,medium,low,9,namecheap,,,19/09/2026 23:32
7526e992-84e5-47d9-bbcc-162569f9c7e6,negatively.systems,available,11.98,47.48,medium,low,10,namecheap,,,15/09/2026 16:24
21842ae2-5af7-4975-b70d-c90f90f1ff1b,commanding.systems,available,18.99,34.99,high,low,10,namesilo,,,23/09/2026 15:41
33b5efac-a553-40fe-9295-3dd3ffb6a105,optically.systems,available,11.98,47.48,medium,low,9,namecheap,,,15/09/2026 18:03
7a740b83-0f87-43fe-8a70-10603d007d89,amanuensis.systems,available,11.98,47.48,medium,low,10,namecheap,,,18/09/2026 15:49
051705f8-0dca-4105-a24b-7494bdcae768,taking.systems,available,11.98,47.48,high,low,6,namecheap,,,18/08/2026 02:22
0143dbc2-2f90-4237-8768-0b35dca519fc,meridian.systems,resell,,,high,medium,8,"NameCheap, Inc.",19/11/2024 17:21,19/11/2026 17:21,26/09/2026 07:31
d8c617c5-f873-455f-8a74-b3df16d0b5ea,pune.systems,available,10.55,28.15,medium,low,4,spaceship,,,30/09/2026 12:49
bd94f10f-227e-4b5b-a72f-21a8ad58df4b,nominated.systems,available,11.98,47.48,high,low,9,namecheap,,,03/09/2026 18:18
5aeaf766-17c5-402c-88f1-84534b09bafe,composer.systems,available,18.99,34.99,high,low,8,namesilo,,,24/09/2026 16:53
25c42716-69eb-472b-971c-538f9b2e999b,brisken.systems,available,11.98,47.48,medium,low,7,namecheap,,,11/08/2026 04:39
fd1ccdae-3e6d-4dd0-b1eb-2e4c3aa80258,bakelite.systems,available,11.98,47.48,medium,low,8,namecheap,,,21/09/2026 20:15
ae133ee0-416b-42a9-a086-64649907c314,forester.systems,available,11.98,47.48,medium,low,8,namecheap,,,20/09/2026 00:50
2cb46030-70fa-4f27-b8e0-1ee78df1cbff,offers.systems,available,18.99,34.99,high,low,6,namesilo,,,27/09/2026 23:51
7aa456bb-4a31-4b0d-8b52-08464ed3d5b5,oily.systems,available,11.98,47.48,medium,low,4,namecheap,,,11/08/2026 11:42
78624af4-c63b-4974-b900-eec4a788ad4d,xxxviii.systems,available,11.98,47.48,medium,low,7,namecheap,,,
440f181d-e21a-42df-92df-692c51cd2a34,cuttable.systems,available,11.98,47.48,medium,low,8,namecheap,,,12/08/2026 04:30
7d4abc39-ea47-4fce-9000-ff206e142d51,masked.systems,available,11.98,47.48,high,low,6,namecheap,,,12/08/2026 11:32
15393dd2-7490-4114-a6f5-c05336fbbb2a,obadiah.systems,available,11.98,47.48,medium,low,7,namecheap,,,16/09/2026 14:40
18badb2d-ad06-47ed-80f9-7ceea0c264ec,antinomy.systems,available,11.98,47.48,medium,low,8,namecheap,,,19/09/2026 14:49
fd454f97-ccd2-46c8-b09d-1ef62f1aebe8,intimately.systems,available,11.98,47.48,medium,low,10,namecheap,,,15/09/2026 09:03
e7afffae-6a12-4765-945b-af0ed09f45cf,oddly.systems,available,10.55,28.15,medium,low,5,spaceship,,,28/09/2026 14:28
aea61ffa-c149-4477-ab7b-7ac38881d042,relatives.systems,available,18.99,34.99,medium,low,9,namesilo,,,27/09/2026 10:25
8f065553-8b41-4dbc-807d-bb891664edd3,soiled.systems,available,11.98,47.48,medium,low,6,namecheap,,,14/08/2026 09:10
ea09d307-3526-4152-936f-47b5936f3c9b,marrying.systems,available,27.2,27.2,high,low,8,cloudflare,,,27/09/2026 17:47
474fc696-cf6c-4366-a5e4-aeb651f000c9,inclination.systems,available,27.2,27.2,high,low,11,cloudflare,,,30/09/2026 22:34
deb00633-40a9-40dc-92f2-eb39e27b90db,cinema.systems,resell,,,high,low,6,united-domains GmbH,19/03/2014 16:00,19/03/2027 16:00,01/10/2026 03:10
3f78bbe2-b091-4470-b0f2-51fb282904b7,seminars.systems,available,11.98,47.48,medium,low,8,namecheap,,,30/09/2026 23:46
e8e8a3e1-fce4-4cc3-ad24-1de7fc83089d,collecting.systems,available,18.99,34.99,high,low,10,namesilo,,,20/09/2026 16:02
172ff14e-051a-4fdb-a0e9-01b41621451e,peril.systems,available,18.99,34.99,high,low,5,namesilo,,,30/09/2026 17:11
3302a191-4a35-4857-a011-cfda55df974a,ketosis.systems,available,18.99,34.99,medium,low,7,namesilo,,,17/09/2026 00:11
5c3e4edc-dcca-4a50-b121-ad814cf13c69,ended.systems,available,11.98,47.48,high,low,5,namecheap,,,
de1d7558-ce04-47de-bb3d-4e507a4a4d22,slid.systems,available,11.98,47.48,medium,low,4,namecheap,,,30/09/2026 14:18
e02a108c-30fe-4632-9a53-bfca0f875e76,hemal.systems,available,11.98,47.48,medium,low,5,namecheap,,,20/08/2026 21:41
4029bd16-d52c-4bef-bf4b-72151b769f20,accept.systems,available,27.2,27.2,high,low,6,cloudflare,,,29/09/2026 11:06
6debde19-5fbb-41b8-acfe-57473e38a6d4,revolutions.systems,available,11.98,47.48,medium,low,11,namecheap,,,20/09/2026 15:34
a13352a8-2eac-4bd5-a43b-13d7d74649de,shag.systems,available,11.98,47.48,medium,low,4,namecheap,,,18/08/2026 17:33
5c0e5ef8-41d3-4d5c-890f-6bb7b515e0fd,dogging.systems,available,11.98,47.48,medium,low,7,namecheap,,,14/08/2026 15:03
2c712164-6bba-40c1-9e9a-9cf09cef3bb8,sere.systems,available,11.98,47.48,medium,low,4,namecheap,,,14/08/2026 19:03
bda0612f-d5b6-498b-a7fe-baa73acd88bf,inwards.systems,available,11.98,47.48,high,low,7,namecheap,,,21/08/2026 23:32
d898ac31-d448-4f23-9ef2-4f3eca5f775b,diehards.systems,available,18.99,34.99,low,low,8,namesilo,,,20/09/2026 23:29
90c0b6d2-edfb-44a7-83c8-b8f4d5be8a14,radioactivity.systems,available,21.99,,medium,low,13,name.com,,,
c5e7c654-cfb0-48a4-8266-765c25a44dc9,unbeatable.systems,available,18.99,34.99,high,low,10,namesilo,,,25/09/2026 11:12
87c232f1-93bd-4bfb-a081-b21fda41a01f,clement.systems,available,11.98,47.48,high,low,7,namecheap,,,12/08/2026 10:42
a3c5f545-4532-4086-a5eb-acdbba81d330,pukka.systems,available,11.98,47.48,medium,low,5,namecheap,,,09/09/2026 05:24
ba5a49f8-dea2-4bf6-9249-9ff5f35ddbec,affecting.systems,available,11.98,47.48,high,low,9,namecheap,,,
56347a1d-ef12-4871-b097-78e4d002cf66,incertain.systems,available,11.98,47.48,medium,low,9,namecheap,,,22/08/2026 01:10
a5db53bf-7ba3-4e43-a044-7387fa9c4a3e,grotesque.systems,available,11.98,47.48,medium,low,9,namecheap,,,
a960caee-2063-4a17-8251-bf1b45f0171d,opaque.systems,available,11.98,47.48,high,low,6,namecheap,,,04/09/2026 15:47
2e041739-fc35-415f-bb48-70c670c73da4,landlocked.systems,available,11.98,47.48,medium,low,10,namecheap,,,22/08/2026 19:26
f1ecba95-ae0b-4a06-98d4-ead24f0c5847,combustive.systems,available,11.98,47.48,low,low,10,namecheap,,,12/08/2026 18:42
640003ba-4b3c-4814-aa7f-c2c56db1f81b,twaddle.systems,available,18.99,34.99,medium,low,7,namesilo,,,21/09/2026 23:55
92f85e0b-17d6-46e7-9d2a-781a28ecc756,daunting.systems,available,21.99,45.99,medium,low,8,name.com,,,13/08/2026 18:48
8f23ba64-d97b-414b-abf9-2500aadf82aa,fellowman.systems,available,18.99,34.99,medium,low,10,namesilo,,,21/09/2026 03:03
5705e61c-8a99-4b32-9cb2-c747b61757e7,slithering.systems,available,11.98,47.48,medium,low,10,namecheap,,,10/09/2026 11:07
2f129576-259c-4c11-9899-2b5d02e89263,adapid.systems,available,18.99,34.99,low,low,6,namesilo,,,17/09/2026 06:24
9f707a3f-ea2c-473d-bb30-7997e266f484,brash.systems,available,11.98,47.48,medium,low,5,namecheap,,,11/08/2026 02:25
36b7845d-4f1e-405b-befc-ec9fee76da88,aloes.systems,available,18.99,34.99,medium,low,5,namesilo,,,18/09/2026 13:07
30a7b5e0-057b-41b8-920a-396e3cad57de,gregorio.systems,available,21.99,,high,low,8,name.com,,,
9475d527-d0e0-4c1a-8a8b-cc8923cdf90f,downstream.systems,available,11.98,47.48,high,low,10,namecheap,,,14/08/2026 17:59
3358460d-df5d-4b02-916c-afd2dc567f1f,disorganized.systems,available,21.99,,medium,low,12,name.com,,,
9f173aa9-8fca-4764-ad94-f09a51c3cceb,lxii.systems,available,11.98,47.48,medium,low,4,namecheap,,,
9a3567fe-ae9e-491a-9e67-a61b4c3a1926,maiden.systems,available,11.98,47.48,high,low,6,namecheap,,,22/08/2026 05:32
42734473-6600-419a-9886-f48898842ce7,scripts.systems,available,11.99,29.11,medium,low,7,dynadot,,,29/09/2026 05:41
a4c25fc6-8a4c-44d1-882d-66ccae168441,detached.systems,available,11.98,47.48,medium,low,8,namecheap,,,24/09/2026 07:07
559c391f-4a9c-47b0-880a-c33c27663fd1,ideas.systems,resell,,,high,low,5,"GoDaddy.com, LLC",25/11/2023 16:06,25/11/2026 16:06,26/09/2026 06:47
b4935d21-0e80-4694-a196-683e8ba66582,repression.systems,available,10.55,28.15,medium,low,10,spaceship,,,01/10/2026 03:28
80a75044-44db-4236-a076-24c7ee7f078c,culprit.systems,available,27.2,27.2,medium,low,7,cloudflare,,,01/10/2026 01:38
8c27afc3-c93f-4123-9135-ab838ca200e8,ottoman.systems,available,11.98,47.48,high,low,7,namecheap,,,04/09/2026 18:38
3bdc0550-5862-441c-864a-d7486d7d9470,bragger.systems,available,11.98,47.48,medium,low,7,namecheap,,,11/08/2026 01:14
4008077c-8481-4754-b397-47094029122a,attenuate.systems,available,11.98,47.48,medium,low,9,namecheap,,,07/08/2026 15:21
0224c2f0-1498-4d04-88d4-223d98f15a87,ailment.systems,available,11.98,47.48,medium,low,7,namecheap,,,21/08/2026 18:47
10513204-35da-459b-bc75-89f638ef6925,bionomics.systems,available,18.99,34.99,medium,low,9,namesilo,,,23/09/2026 18:43
5ed867dc-c961-4c93-8986-6c4bd3ef319b,reptiles.systems,available,18,,medium,low,8,unstoppable,,,30/09/2026 14:47
58a02b60-2448-4dec-9fd7-7b1897710d5c,thieves.systems,available,11.98,47.48,medium,low,7,namecheap,,,16/09/2026 11:41
daaa7555-ee7a-450f-b550-a08593efdf26,sunk.systems,available,11.98,47.48,medium,low,4,namecheap,,,11/09/2026 01:50
0f1431b2-fe76-4395-99dd-b269eb987583,krakow.systems,available,10.55,28.15,high,low,6,spaceship,,,01/10/2026 01:37
0c2c3341-3d58-4040-ad55-26a031c3fc78,contacting.systems,available,18,,medium,low,10,unstoppable,,,01/10/2026 00:49
bc33cae0-e3b3-44d2-9605-5b4a4c05f0f6,farmington.systems,available,10.55,28.15,medium,low,10,spaceship,,,28/09/2026 05:41
be57a4c9-d79c-485e-a53c-3b3c02e8a779,affliction.systems,available,18.99,34.99,medium,low,10,namesilo,,,17/09/2026 14:39
aad2ec4a-7a2b-4aff-b968-3a23675af5d8,hardship.systems,available,11.98,47.48,high,low,8,namecheap,,,17/09/2026 10:51
6c7ee8c8-2229-4522-85d4-f5fa446171cb,annoyed.systems,available,18.99,34.99,medium,low,7,namesilo,,,22/09/2026 05:18
83791dda-f96e-485c-b33f-db33177c9ce8,unmade.systems,available,11.98,47.48,medium,low,6,namecheap,,,12/09/2026 15:15
3a909ef2-8788-456c-ab6f-6e891abd0fa0,offspring.systems,available,11.99,29.11,high,low,9,dynadot,,,28/09/2026 11:24
90c5804b-883c-4a5d-a2d4-bcdac7e96722,virgil.systems,available,10.55,28.15,high,low,6,spaceship,,,28/09/2026 02:58
42ae1f99-fec6-4090-b56b-9ec1dabc000d,uruguayan.systems,available,11.98,47.48,medium,low,9,namecheap,,,12/09/2026 23:55
4bbf5ec7-a9b5-4d30-9754-8d7ac09e4266,aviary.systems,available,18.99,34.99,high,low,6,namesilo,,,21/09/2026 09:22
3d03efbf-bb54-406f-8b8c-60e386ac0908,granddad.systems,available,11.99,29.11,high,low,8,dynadot,,,29/09/2026 21:09
12dd292e-04cb-4492-a9e9-008d027da934,plaudit.systems,available,11.98,47.48,high,low,7,namecheap,,,16/09/2026 22:36
cc70cff2-9408-43e6-8de0-07275860b0d3,admiring.systems,available,18,,high,low,8,unstoppable,,,30/09/2026 19:19
7459f5f8-1018-4c73-8944-61974043483c,shelters.systems,available,18.99,34.99,medium,low,8,namesilo,,,20/09/2026 23:17
ef80d0d6-62cf-4c2a-a703-1998231db8ff,hanukkah.systems,available,18.99,34.99,high,low,8,namesilo,,,29/09/2026 08:04
90d1f0e9-7150-42f0-90b9-64a7f0199ed6,glaucous.systems,available,11.98,47.48,medium,low,8,namecheap,,,20/08/2026 14:16
698072d7-19af-40ca-9bd3-1d6952f0d444,idf.systems,available,11.99,29.11,high,low,3,dynadot,,,28/09/2026 14:30
f65489f3-73a6-4381-8e18-4270ba55aa29,launching.systems,available,10.55,28.15,high,low,9,spaceship,,,29/09/2026 00:37
1d9e998e-cb65-46f1-a116-0518f78c3658,brockton.systems,available,27.2,27.2,medium,low,8,cloudflare,,,30/09/2026 14:00
c8942746-c5e5-4f56-a9bc-79efb8912a0c,obligated.systems,available,11.98,47.48,high,low,9,namecheap,,,29/09/2026 21:21
9154d16e-eb5e-4608-ae57-0068346be6ba,strontium.systems,available,18.99,34.99,medium,low,9,namesilo,,,20/09/2026 22:59
88db5286-0185-42c9-acbd-2c4e2773f248,organs.systems,available,10.55,28.15,high,low,6,spaceship,,,30/09/2026 06:14
858f523c-4272-46d9-a0b1-be2775cd810f,urges.systems,available,18.99,34.99,medium,low,5,namesilo,,,16/09/2026 09:15
1a014726-62cd-461c-9a3c-f7a3f1772682,siding.systems,available,10.55,28.15,high,low,6,spaceship,,,29/09/2026 20:06
745dfb42-3536-45c4-bb94-12764f092b8c,mechanized.systems,available,18.99,34.99,high,low,10,namesilo,,,19/09/2026 16:26
92ba4abc-6897-48dc-8305-a5df1e5d8eda,insofar.systems,available,11.98,47.48,medium,low,7,namecheap,,,15/09/2026 06:43
b020cee5-da37-4287-a019-27ac69e24c9e,ashram.systems,available,18.99,34.99,medium,low,6,namesilo,,,20/09/2026 13:58
f571ff07-48e3-443e-86d1-39fc2b47192e,blindfold.systems,available,11.98,47.48,high,low,9,namecheap,,,10/08/2026 14:26
a81ed1ba-2a96-4442-a38e-97ae4aec8656,asteraceae.systems,available,18.99,34.99,medium,low,10,namesilo,,,20/09/2026 17:03
a0a702d4-94cf-471c-9b0c-10fd5d294a6b,franconia.systems,available,10.55,28.15,medium,low,9,spaceship,,,30/09/2026 13:25
fc8dfa07-2af3-4dea-939d-29f3d46ee733,supermarket.systems,available,10.55,28.15,high,low,11,spaceship,,,01/10/2026 05:02
da10e326-0fd9-47a0-916d-8ddd08e0b820,genealogic.systems,available,11.98,47.48,medium,low,10,namecheap,,,18/08/2026 21:22
64fda3ac-f7d5-461d-9cc3-e53c6428ca5f,studies.systems,available,18.99,34.99,high,low,7,namesilo,,,16/09/2026 11:06
83464d0d-38d1-4dcc-8ac3-a0a017d4459d,tragedy.systems,available,18.99,34.99,medium,low,7,namesilo,,,24/09/2026 11:39
d6fcf9c8-564f-4aa1-831a-8e60e3b5350a,festivals.systems,available,27.2,27.2,medium,low,9,cloudflare,,,01/10/2026 00:27
0a419426-d9d1-4553-9de4-14a19da66a1f,synonymous.systems,available,11.98,47.48,high,low,10,namecheap,,,11/09/2026 06:31
cda9f158-c486-41cf-9567-4a0167d062d2,translating.systems,available,11.98,47.48,medium,low,11,namecheap,,,17/09/2026 20:51
9d32a2e8-8a5a-4cfa-acf4-4602f4913d83,nat.systems,available,10.55,28.15,high,low,3,spaceship,,,28/09/2026 15:51
67906f78-f5d8-47f9-9a50-bfc02c2953e8,bauhinia.systems,available,18.99,34.99,medium,low,8,namesilo,,,22/09/2026 16:38
d0f4a36a-a7c4-481d-9747-9c7a62dc7934,motherless.systems,available,11.98,47.48,medium,low,10,namecheap,,,25/08/2026 07:02
070a4b3b-6f13-40f8-a256-535a0462c58f,mci.systems,available,18.99,34.99,high,low,3,namesilo,,,29/09/2026 15:50
fb629d72-1665-4df5-b871-81e7c1b48b5a,cnn.systems,available,21.99,,high,low,3,name.com,,,
bb3fd585-41bb-4a23-bd17-d70b6229ab31,warring.systems,available,11.98,47.48,medium,low,7,namecheap,,,13/09/2026 08:11
c919b661-daa2-41c5-9082-9e4502e86b31,grecian.systems,available,11.98,47.48,high,low,7,namecheap,,,20/08/2026 19:44
c2b23b76-b4ee-42e1-bee2-4b16bc29f47b,dumbarton.systems,available,27.2,27.2,medium,low,9,cloudflare,,,29/09/2026 04:37
3777f1ad-3c75-4941-a4bf-5089cdbcddcf,audiometer.systems,available,18.99,34.99,medium,low,10,namesilo,,,21/09/2026 02:58
6f2db898-8600-4135-a381-18c7b31aa0fb,maids.systems,available,18.99,34.99,medium,low,5,namesilo,,,30/09/2026 00:12
554d418f-1587-467e-8c07-f15c6cecf6fb,smack.systems,available,11.98,47.48,medium,low,5,namecheap,,,13/09/2026 23:28
99e2474a-c096-4b6e-8d1d-0068724593f5,brainsick.systems,available,11.98,47.48,low,low,9,namecheap,,,11/08/2026 01:45
6831fa8a-58ed-49ae-8568-1cc4ba61f1df,leftish.systems,available,11.98,47.48,medium,low,7,namecheap,,,22/08/2026 22:47
e4645157-c884-485e-8b31-fc6e6ed708da,indate.systems,available,21.99,,medium,low,7,name.com,,,
9df912cd-8b11-46d0-b977-0b02307c37e5,hairdryers.systems,available,18.99,34.99,medium,low,10,namesilo,,,20/09/2026 13:02
6e753811-d331-4c58-8210-1bcf48c345e8,burbly.systems,available,11.98,47.48,medium,low,6,namecheap,,,11/08/2026 10:14
70aecbcd-d7dd-4b34-b9d4-fbfe3e37d38f,endlessly.systems,available,11.98,47.48,high,low,9,namecheap,,,14/09/2026 06:09
a000e7ed-f127-4aa7-bc21-f1a088eaa2ec,stomp.systems,available,10.55,28.15,high,low,5,spaceship,,,30/09/2026 18:50
6e0ca0c6-d334-44cd-8f94-312d180edff2,veinal.systems,available,11.98,47.48,medium,low,6,namecheap,,,13/09/2026 01:51
fab7644d-3b33-479f-8305-cf1f1e6d1ae9,unlit.systems,available,11.98,47.48,medium,low,5,namecheap,,,12/09/2026 13:03
f228638d-56b6-4637-ab91-506dd9519871,indicator.systems,available,11.99,29.11,high,low,9,dynadot,,,29/09/2026 19:19
9d30f024-16fb-47f7-a775-abd9c3e22bb7,bede.systems,available,18.99,34.99,high,low,4,namesilo,,,21/09/2026 17:17
d1a572a5-0333-4498-9060-0308c0851a1a,jogging.systems,available,11.98,47.48,high,low,7,namecheap,,,30/09/2026 02:05
a971b941-0424-4693-810a-e40a76fa6c11,weismann.systems,available,18.99,34.99,medium,low,8,namesilo,,,21/09/2026 03:48
17c049c8-59d2-429e-a633-c884b7da65c3,balsa.systems,available,18.99,34.99,high,low,5,namesilo,,,21/09/2026 23:56
58f2054c-3c27-43ff-8203-072cdc66cabd,rapporteur.systems,available,18,,high,low,10,unstoppable,,,29/09/2026 20:07
1c934aee-1dc1-460b-8658-131340dcfd90,mandibular.systems,available,11.98,47.48,medium,low,10,namecheap,,,22/08/2026 04:40
9d72b953-96de-4863-9477-5fade1746493,unflawed.systems,available,11.98,47.48,medium,low,8,namecheap,,,18/08/2026 07:21
4dc83841-3303-43b3-8d11-e19b099b4fe0,richelieu.systems,available,11.98,47.48,medium,low,9,namecheap,,,20/09/2026 06:31
c5ee3bf6-255c-4298-8765-2255151ce7fb,dicky.systems,available,11.98,47.48,medium,low,5,namecheap,,,14/08/2026 06:27
2d8953b7-d9c3-428d-a4cc-b9e05669cd91,detected.systems,available,18.99,34.99,high,low,8,namesilo,,,24/09/2026 07:30
bfc50bae-2070-4f09-8dc8-1258fd84a416,megan.systems,available,11.98,47.48,medium,low,5,namecheap,,,26/09/2026 03:31
75e8282b-5139-46a7-8215-c88e6b912755,endwise.systems,available,11.98,47.48,medium,low,7,namecheap,,,14/09/2026 15:37
f51d11c1-5431-47e6-91a6-8c131f7f948c,earthman.systems,available,11.98,47.48,medium,low,8,namecheap,,,11/09/2026 10:45
aa7f51d1-753d-48fc-b1c7-3937e79cfe81,hint.systems,available,11.98,47.48,high,low,4,namecheap,,,24/09/2026 16:07
84a42e95-9f4d-4714-b36f-ac0ee452e158,puberty.systems,available,18,,high,low,7,unstoppable,,,29/09/2026 02:00
e147df2b-7f19-48b1-86f1-0b4a0cda3e66,unobserved.systems,available,11.98,47.48,medium,low,10,namecheap,,,12/09/2026 16:04
29b56631-bf54-4849-98f3-493a728dbda4,sharply.systems,available,18.99,34.99,medium,low,7,namesilo,,,27/09/2026 20:32
f7242717-b698-4cd6-858a-cc1c7d66fc1d,phallic.systems,available,11.98,47.48,medium,low,7,namecheap,,,08/09/2026 18:31
ce01700d-03e8-4908-b95a-8dce0c5cf640,shipped.systems,available,18,,high,low,7,unstoppable,,,28/09/2026 13:02
59e050be-3711-46f7-a268-c5a9882fa9b4,sintered.systems,available,11.98,47.48,high,low,8,namecheap,,,10/09/2026 08:34
8b424edc-09aa-462d-ac5a-31ea9fcbad38,awfully.systems,available,18.99,34.99,medium,low,7,namesilo,,,22/09/2026 15:26
95be7a10-03a0-49f5-ab7e-c9519f502bd8,marti.systems,available,11.99,29.11,high,low,5,dynadot,,,30/09/2026 10:19
3e81888e-f26e-4367-b9a6-53e5eb8ed79c,diehard.systems,available,11.98,47.48,medium,low,7,namecheap,,,11/09/2026 18:42
a17db290-39b2-46d1-ac9d-f17488d3f43b,gott.systems,available,18.99,34.99,medium,low,4,namesilo,,,30/09/2026 04:43
d9571ec4-4b34-4db9-8b20-17d6967efba2,exegetic.systems,available,11.98,47.48,medium,low,8,namecheap,,,17/08/2026 16:59
aac9d02b-0133-4ccd-80d4-84b7a9c496ee,wrist.systems,available,10.55,28.15,high,low,5,spaceship,,,28/09/2026 22:18
56dacca8-ca7c-40e6-89a3-7cb5c9d43c1a,kirkpatrick.systems,available,18,,medium,low,11,unstoppable,,,28/09/2026 12:22
00175bc4-8f82-4e97-b350-e79a6e1e4d09,motorcycle.systems,available,18,34.99,high,low,10,unstoppable,,,30/09/2026 22:56
e137e262-3c6a-4002-a923-b016311b17af,gabriele.systems,available,10.55,28.15,medium,low,8,spaceship,,,30/09/2026 21:12
cc5fa011-a610-48b4-a2f7-289a129dd4e5,peroxide.systems,available,10.55,28.15,high,low,8,spaceship,,,01/10/2026 02:39
7642a151-14a9-4da7-ab53-e4e22776b1d6,abortus.systems,available,11.98,47.48,medium,low,7,namecheap,,,16/09/2026 16:40
2c551623-a348-4027-b147-db9643eaa347,tillers.systems,available,18.99,34.99,medium,low,7,namesilo,,,20/09/2026 14:06
e4c0d505-4d6a-47bc-bb2a-d54b7ff16efd,pristine.systems,available,18.99,34.99,high,low,8,namesilo,,,27/09/2026 06:11
b736ba59-dc8d-490e-8643-9eafacbfb2a3,agreements.systems,available,18.99,34.99,medium,low,10,namesilo,,,17/09/2026 03:09
45d381f6-8fc5-4177-b045-2a4c8501bec9,shambolic.systems,available,11.98,47.48,medium,low,9,namecheap,,,10/09/2026 05:51
167f187d-9e13-46ce-a4e5-40b5b9c930c2,upwards.systems,available,27.2,27.2,medium,low,7,cloudflare,,,28/09/2026 09:52
43462fdd-a997-4462-9584-ca5826c00fd9,potbound.systems,available,11.98,47.48,medium,low,8,namecheap,,,09/09/2026 00:44
9041a518-a3b3-49d2-b9d2-3072d98df654,baiza.systems,available,11.98,47.48,medium,low,5,namecheap,,,21/09/2026 19:33
c45c05c9-eafd-497c-92c8-cd02482104a5,retractile.systems,available,11.98,47.48,medium,low,10,namecheap,,,09/09/2026 15:42
1c301797-42c2-4e48-a56f-05618b1efb76,fungous.systems,available,11.98,47.48,low,low,7,namecheap,,,18/08/2026 18:30
a51f0202-581b-44a0-a4ca-3725c1986345,bespoken.systems,available,11.98,47.48,medium,low,8,namecheap,,,09/08/2026 17:31
deac667a-eba1-479a-afc2-a537ee7d49e4,newfound.systems,available,11.98,47.48,medium,low,9,namecheap,,,08/09/2026 04:48
bea29c5b-9eae-4697-8ca1-65ee56cf9dfc,sneaky.systems,available,11.98,47.48,medium,low,6,namecheap,,,18/08/2026 18:58
f369872a-6e40-4cf1-8521-5d5b9a711666,batsman.systems,available,11.98,47.48,medium,low,7,namecheap,,,22/09/2026 14:19
f9a8a608-bfce-44d8-9b91-9b5e4975b4ed,omar.systems,available,18.99,34.99,high,low,4,namesilo,,,25/09/2026 15:21
5d0b3c54-76d4-411f-a0f9-d7e689dd728e,lecherous.systems,available,11.98,47.48,medium,low,9,namecheap,,,22/08/2026 22:17
3b670dd6-1325-40c0-8e0e-2c8a5bdd39d5,gramme.systems,available,18,,high,low,6,unstoppable,,,29/09/2026 20:16
5471446e-df9c-4829-bd8b-ef0fa5a67e1b,disparity.systems,available,27.2,27.2,medium,low,9,cloudflare,,,29/09/2026 16:06
a80120a2-1846-477b-8a99-56e02f703d29,existing.systems,available,18.99,34.99,high,low,8,namesilo,,,24/09/2026 15:59
d135558b-8c30-42f9-9c72-34e4f9780119,abrogation.systems,available,18.99,34.99,medium,low,10,namesilo,,,16/09/2026 17:14
bf2f0b47-8543-4b02-b266-6d5240999c77,alkaloidal.systems,available,11.98,47.48,medium,low,10,namecheap,,,
4c507341-d997-4947-9510-f7d6062a1209,dastardly.systems,available,21.99,45.99,medium,low,9,name.com,,,13/08/2026 18:31
5849a88d-5272-4ea1-a2dd-31d9a3f8304a,contemplate.systems,available,11.84,28.32,high,low,11,porkbun,,,30/09/2026 11:45
8974819d-cb94-457d-b08d-27ed161afef1,reserved.systems,available,11.98,47.48,high,low,8,namecheap,,,09/09/2026 14:50
18cc69e3-a8f2-4ede-ab4b-e9a288236d61,fuss.systems,available,18.99,34.99,high,low,4,namesilo,,,17/09/2026 09:21
02c7f783-854a-4eac-bd62-898a5d6731ec,trippingly.systems,available,11.98,47.48,medium,low,10,namecheap,,,15/09/2026 11:20
72eb68c9-977d-4eaf-86bf-4e75f924872c,capsulated.systems,available,11.98,47.48,medium,low,10,namecheap,,,11/08/2026 18:12
261486d9-4c64-4890-bba5-3dcf65c26105,abatis.systems,available,11.98,47.48,medium,low,6,namecheap,,,16/09/2026 14:12
47829028-b693-4e1c-8c77-0e9f3d721200,bandleader.systems,available,18.99,34.99,high,low,10,namesilo,,,22/09/2026 01:25
00dc1d54-08d9-4e3b-887d-fc34d5d5afa5,feathery.systems,available,11.98,47.48,high,low,8,namecheap,,,18/08/2026 00:18
441c1b0d-8ae9-4401-9202-12618594861f,laurels.systems,available,18.99,34.99,high,low,7,namesilo,,,16/09/2026 22:48
96cd15e0-b2a3-415c-9e0d-0d23afc62ac0,vin.systems,available,11.99,29.11,high,low,3,dynadot,,,30/09/2026 11:43
9381a790-8155-4ff0-89d9-b6120454063d,downsizing.systems,available,18.99,34.99,medium,low,10,namesilo,,,24/09/2026 23:41
8ca2627c-e5f3-4666-b6c8-714bf2e9d7cc,eighter.systems,available,11.98,47.48,medium,low,7,namecheap,,,
42b68d07-bdc0-4f7c-be30-ae9505baa68f,grudge.systems,available,18,,high,low,6,unstoppable,,,29/09/2026 19:05
8639bb99-9865-441e-9358-f8a678f48d05,enlisted.systems,available,10.55,28.15,medium,low,8,spaceship,,,28/09/2026 22:48
5e3a3cf5-fd37-4041-a31e-555dfa20cda5,judicious.systems,available,11.98,47.48,high,low,9,namecheap,,,21/08/2026 02:00
ff2bdcd4-8669-45e8-8862-14bfced8b94d,steroid.systems,available,18,,high,low,7,unstoppable,,,01/10/2026 03:40
de95db24-bfcb-4542-a2dd-fd92ac187b40,fireproof.systems,available,11.98,47.48,high,low,9,namecheap,,,18/08/2026 05:07
aa8db84a-15f3-4074-b319-af879edc98a9,commemorate.systems,available,10.55,28.15,high,low,11,spaceship,,,30/09/2026 03:37
40b60ef8-60dd-4483-ba63-cdd719fd9f7f,aecium.systems,available,18.99,34.99,medium,low,6,namesilo,,,17/09/2026 12:08
5154436e-b008-4c9b-9c0a-f450c2b9a372,tennyson.systems,available,18.99,34.99,medium,low,8,namesilo,,,18/09/2026 06:38
5eea1cce-fb8a-4e78-baed-b9c68cb33a09,dehydrate.systems,available,11.98,47.48,medium,low,9,namecheap,,,14/08/2026 03:38
e9071ae2-7bb2-448c-b396-f9fb6de4ea86,bids.systems,available,10.55,28.15,high,low,4,spaceship,,,29/09/2026 15:47
35de35b3-3779-412e-8328-7bc7d56da8d4,diffused.systems,available,11.98,47.48,medium,low,8,namecheap,,,14/08/2026 07:08
02c9d256-ee9f-43bb-b62f-1c9f20f18f07,matured.systems,available,11.98,47.48,high,low,7,namecheap,,,18/08/2026 17:58
badf27c4-1f95-4363-b991-f8ec49585bd0,asia.systems,premium,414.2,414.2,high,low,4,spaceship,,,28/09/2026 22:29
a633cb8e-3085-4439-8df7-b820ef7bea6a,equitably.systems,available,11.98,47.48,medium,low,9,namecheap,,,14/09/2026 15:54
2b68d5a0-f691-4596-8ef1-9a7d5ddb4afa,amongst.systems,available,18.99,34.99,medium,low,7,namesilo,,,01/10/2026 00:29
4c3160a5-5f86-41da-b76e-d28d66461d04,throttle.systems,available,11.98,47.48,high,low,8,namecheap,,,16/09/2026 21:47
7f475f9c-f5a0-4e69-9a8b-483028b62925,underling.systems,available,11.98,47.48,medium,low,9,namecheap,,,11/09/2026 00:39
b9be7986-8772-4320-8a66-608d5345e73e,balanitis.systems,available,11.98,47.48,medium,low,9,namecheap,,,21/09/2026 21:01
d3324008-02af-4bf7-a4b7-1db97cf7b02d,browned.systems,available,11.98,47.48,medium,low,7,namecheap,,,11/08/2026 06:29
3f74462a-f648-4c4e-a12e-7ed3971486ba,cerium.systems,available,11.98,47.48,medium,low,6,namecheap,,,14/09/2026 06:07
d0453bf9-217e-4586-a5c9-b228d93ecf2c,encouragement.systems,available,11.98,47.48,high,low,13,namecheap,,,28/09/2026 22:35
7f718c12-f624-4c62-ab12-ddf918722c5e,bandits.systems,available,18.99,34.99,medium,low,7,namesilo,,,21/09/2026 01:18
cee6974c-9f63-45c4-a256-83f584b7296b,attorney.systems,premium,102.67,102.67,high,low,8,spaceship,,,28/09/2026 23:09
e4ed9cb5-f099-490b-b7c9-ae162121bc07,theatres.systems,available,18.99,34.99,high,low,8,namesilo,,,20/09/2026 19:41
6e9c9aa0-40c2-4ddc-a0b3-4d7de1a28fd4,embossed.systems,available,11.98,47.48,medium,low,8,namecheap,,,11/08/2026 05:17
3defdc8e-6b00-4d5e-9ed2-9eb84216018a,absorbing.systems,available,18.99,34.99,high,low,9,namesilo,,,21/09/2026 15:02
d0060483-61a8-4b36-aaf3-c3f92b5f2e37,ternion.systems,available,,,medium,low,7,,,,
ba0ab112-c97b-4f68-8757-8968fac62120,nilpotent.systems,available,11.98,47.48,medium,low,9,namecheap,,,03/09/2026 17:28
a95f9e02-c286-45c3-a8a3-1126af2a4a62,lig.systems,available,11.99,29.11,high,low,3,dynadot,,,30/09/2026 19:16
8681c224-19d2-4df0-a6d7-be8c661775f2,millilitre.systems,available,11.98,47.48,high,low,10,namecheap,,,11/08/2026 22:55
351042bb-b6a0-4624-a674-ba8fcf59c5b4,passion.systems,available,18,,high,low,7,unstoppable,,,29/09/2026 05:44
ee39cd95-d4ce-456b-b9d4-523ff7545342,attractions.systems,available,18.99,34.99,medium,low,11,namesilo,,,30/09/2026 23:56
efe23324-8ebc-4233-8d3c-994649c5ece0,corbett.systems,available,18.99,34.99,high,low,7,namesilo,,,27/09/2026 03:35
b39947d8-5a69-4c80-a770-9ed417edfddd,tannish.systems,available,11.98,47.48,medium,low,7,namecheap,,,11/09/2026 08:03
645f2432-24f1-4eb5-96ca-9e79f966d908,dorsum.systems,available,11.98,47.48,high,low,6,namecheap,,,08/08/2026 05:12
2539d455-7500-49c0-a1c5-f59dc8682119,hirsute.systems,available,11.98,47.48,medium,low,7,namecheap,,,20/08/2026 22:11
cf233c90-7d6c-4f8a-a435-188bd5da8691,kankakee.systems,available,10.55,28.15,medium,low,8,spaceship,,,30/09/2026 22:09
9ca32658-f3c2-4b0b-add6-d059241e6cd1,protein.systems,available,11.98,47.48,high,low,7,namecheap,,,08/09/2026 08:51
4a2e762d-d8f9-4d72-b040-ae98617b9296,holloway.systems,available,18.99,34.99,high,low,8,namesilo,,,26/09/2026 03:22
1bc2922a-cb7a-4520-8cc1-8018361a7d5e,weighted.systems,available,11.98,47.48,high,low,8,namecheap,,,13/09/2026 10:08
99614346-a31f-4462-9396-47b5b6b65548,disagreed.systems,available,18.99,34.99,low,low,9,namesilo,,,29/09/2026 16:32
149eaa46-ccab-4e5a-8e3e-be0247987bf4,qat.systems,available,18.99,34.99,medium,low,3,namesilo,,,17/09/2026 15:24
9e30a1f1-c541-4484-ac66-4e03807b650a,kool.systems,available,18.99,34.99,high,low,4,namesilo,,,01/10/2026 05:34
c383a85f-0b5b-4fe2-970d-70d118a4fe40,aimed.systems,available,18.99,34.99,high,low,5,namesilo,,,29/09/2026 10:43
ab339fae-41bd-45ef-8c3f-c35c2c8299cd,privileges.systems,available,18,,medium,low,10,unstoppable,,,28/09/2026 17:31
92bd3a00-8fd3-49d0-a032-e7ea17e657ec,cannily.systems,available,11.98,47.48,medium,low,7,namecheap,,,14/09/2026 05:10
1a26e90b-8bc9-4fee-832f-4ed178e3f9a4,raritan.systems,available,18.99,34.99,high,low,7,namesilo,,,30/09/2026 04:34
1d3ea845-b84c-4639-8344-ffd7915379a0,mildly.systems,available,11.98,47.48,medium,low,6,namecheap,,,15/09/2026 14:43
bf418906-f5d5-4197-92a1-704b9b9023c3,erasable.systems,available,11.98,47.48,medium,low,8,namecheap,,,15/08/2026 14:16
a03431c4-1f45-48bc-be40-3bc800eda104,parris.systems,available,18,,medium,low,6,unstoppable,,,30/09/2026 20:35
cec8db18-980e-4e4e-871d-025d8b49e0ab,potbellied.systems,available,11.98,47.48,medium,low,10,namecheap,,,
4f78e36f-32b3-4ab4-a26c-f8af93424384,birdseed.systems,available,11.98,47.48,high,low,8,namecheap,,,23/09/2026 19:50
df249089-21dc-4af3-a357-3e307664cc59,gaur.systems,available,18.99,34.99,medium,low,4,namesilo,,,23/09/2026 13:04
bc86e22e-0341-451b-8a64-d64af370fa4f,vexation.systems,available,,,medium,low,8,,,,
cf308371-606b-4b6c-b999-a5f9c297000b,concerning.systems,available,27.2,27.2,high,low,10,cloudflare,,,28/09/2026 03:24
326ed3a1-e042-49f3-8023-3f18e5b58a55,balloons.systems,available,10.55,28.15,medium,low,8,spaceship,,,28/09/2026 18:12
158a68ac-6393-4ed6-b210-d18b0261b36b,backward.systems,available,11.98,47.48,high,low,8,namecheap,,,22/09/2026 15:53
0fc0e663-0eea-4a8b-8fda-a07aacc3827a,apian.systems,available,11.98,47.48,medium,low,5,namecheap,,,05/08/2026 23:47
086effd0-515d-4e96-bbc9-279619b63405,northwards.systems,available,11.98,47.48,medium,low,10,namecheap,,,03/09/2026 21:25
6d6755be-ddf4-410a-8d0b-656e6502e844,censure.systems,available,18.99,34.99,medium,low,7,namesilo,,,19/09/2026 08:29
1c2fd8ad-2667-4e7b-a090-8a96b7a9f014,arsonist.systems,available,11.98,47.48,medium,low,8,namecheap,,,22/08/2026 00:55
49fa7084-e091-4c98-9a96-5068dca409d4,tannic.systems,available,11.98,47.48,medium,low,6,namecheap,,,11/09/2026 08:01
edcbdc7a-907e-4366-8f8a-029652f5cef5,childly.systems,available,11.98,47.48,medium,low,7,namecheap,,,12/08/2026 05:14
39eca690-194d-4592-a9d0-1a4df8ef7611,definable.systems,available,11.98,47.48,medium,low,9,namecheap,,,13/08/2026 23:28
e517908f-3652-49f5-8170-ec128f3e5829,battue.systems,available,11.98,47.48,medium,low,6,namecheap,,,22/09/2026 16:30
0c074c9c-e36a-4620-b923-14643ecfdb94,springfield.systems,available,27.2,27.2,high,low,11,cloudflare,,,29/09/2026 22:00
5ac37d3e-43f4-40c6-ae98-acaa13cbf62f,intercourse.systems,available,10.55,28.15,high,low,11,spaceship,,,28/09/2026 07:00
faecf515-6740-4bad-b7ce-4a6805e33d03,strachan.systems,available,27.2,27.2,medium,low,8,cloudflare,,,30/09/2026 23:17
772551f4-4d80-4ebf-a0ef-3d06af8c0a83,immoral.systems,available,11.98,47.48,medium,low,7,namecheap,,,21/08/2026 21:10
f51bc135-e7c6-49a7-9b23-c27b427a2a22,planar.systems,available,11.98,47.48,high,low,6,namecheap,,,08/09/2026 20:37
dc776f47-0a81-4a81-8880-d6b1b23c33e0,licentious.systems,available,11.98,47.48,medium,low,10,namecheap,,,23/08/2026 00:56
ec5292bc-a66e-456f-b64f-4a8f020e9b85,anemic.systems,available,11.98,47.48,medium,low,6,namecheap,,,
d7085197-cdd2-469f-9eab-c8c989f2b4c4,bulging.systems,available,11.98,47.48,medium,low,7,namecheap,,,09/08/2026 13:41
0bdbf487-7d6e-4a7a-bcd9-7e9756826ab8,eldest.systems,available,11.98,47.48,high,low,6,namecheap,,,16/08/2026 02:19
3ae80ea3-c6ff-41da-a1a4-e58d855d5107,tully.systems,available,27.2,27.2,medium,low,5,cloudflare,,,28/09/2026 19:49
8321fe1c-1b12-40b2-93ef-8f3ab05c4c6a,reputable.systems,available,11.98,47.48,high,low,9,namecheap,,,09/09/2026 14:45
b20b6004-48f9-49ef-8b8f-e85d3fa3724a,spring.systems,resell,,,high,medium,6,"Sav.com, LLC",05/01/2025 23:25,05/01/2027 23:25,30/09/2026 01:44
c37ac948-0c4e-42b7-934f-3c44a2048f94,javanese.systems,available,11.98,47.48,high,low,8,namecheap,,,22/08/2026 12:28
741d69a9-1c68-41df-981f-caf6f1d52497,clubable.systems,available,11.98,47.48,medium,low,8,namecheap,,,12/08/2026 12:57
1b1be38a-eca6-4055-a5ab-8e5cb6cc9a63,rope.systems,available,18.99,34.99,high,low,4,namesilo,,,25/09/2026 22:52
d42423aa-1147-43c0-a584-5416eda06186,calcutta.systems,available,18.99,34.99,high,low,8,namesilo,,,30/09/2026 00:56
263791de-e8d7-4f60-821b-890a5c92f2f5,historically.systems,available,18.99,34.99,medium,low,12,namesilo,,,29/09/2026 08:34
01ea096e-b368-4d2c-a93f-79b962c39cf3,reusable.systems,available,11.98,47.48,high,low,8,namecheap,,,09/09/2026 11:33
5135a59d-9648-4c03-8f80-2b3436f34891,advection.systems,available,18.99,34.99,medium,low,9,namesilo,,,17/09/2026 10:31
64fca93b-da46-4a93-b2f9-2b1358aaadb5,sprinkle.systems,available,11.98,47.48,high,low,8,namecheap,,,15/09/2026 20:15
dfbba9ff-0b33-462a-a645-eaa15b6a90d9,damnable.systems,available,21.99,45.99,medium,low,8,name.com,,,13/08/2026 16:29
99b56897-1af9-4220-8f27-bcc2575ff00c,essay.systems,available,18.99,34.99,high,low,5,namesilo,,,21/09/2026 01:17
c74ca6c3-f021-4a82-becd-e6499a466a13,epizoon.systems,available,11.98,47.48,medium,low,7,namecheap,,,15/08/2026 00:52
432e921a-faa8-490d-bc9c-acab7924edaa,ammeter.systems,available,18.99,34.99,medium,low,7,namesilo,,,18/09/2026 22:00
d0b5df79-df40-466a-b34c-645899685f5d,bioscope.systems,available,11.98,47.48,medium,low,8,namecheap,,,23/09/2026 19:01
f4ba2857-b46f-4d65-9a52-53f3fccf1f06,randomly.systems,available,11.98,47.48,medium,low,8,namecheap,,,13/09/2026 20:35
0bb42546-3e4d-456a-95d4-5dcafa4f63d6,caius.systems,available,18,,medium,low,5,unstoppable,,,30/09/2026 20:06
42ed3277-8258-4f1a-a78d-1542187df44b,amaranthus.systems,available,18.99,34.99,medium,low,10,namesilo,,,18/09/2026 15:51
96e97770-93e9-4dc8-951f-8b4eb3ea54ea,yams.systems,available,18.99,34.99,medium,low,4,namesilo,,,19/09/2026 22:19
b94a38b4-fc84-42e7-bded-8dcaada22055,jewell.systems,available,18.99,34.99,medium,low,6,namesilo,,,29/09/2026 04:07
187b1ed6-f903-452d-8ab9-a6e0286913ec,jerusalem.systems,available,10.55,28.15,medium,low,9,spaceship,,,28/09/2026 09:14
33fee345-3c33-4030-be34-0091c64c032d,bessel.systems,available,18.99,34.99,medium,low,6,namesilo,,,23/09/2026 10:26
12ff8934-8cc8-44e4-9a3a-88e0fada4498,suicide.systems,available,21.99,45.99,high,low,7,name.com,,,25/09/2026 05:57
a48cc78e-ca05-4ab8-874d-81822a0fae4e,aldose.systems,available,18.99,34.99,medium,low,6,namesilo,,,18/09/2026 04:38
ebfab90a-f9ad-49bc-b353-e0d6d1cccdf0,loyalist.systems,available,11.98,47.48,high,low,8,namecheap,,,10/09/2026 18:31
9c190298-046a-401f-bb0f-a32d3bad7fcd,presumably.systems,available,11.98,47.48,medium,low,10,namecheap,,,15/09/2026 21:20
7742e038-9782-49f1-b020-4e6357358031,angie.systems,available,18.99,34.99,medium,low,5,namesilo,,,28/09/2026 16:18
bf41cd5f-46d1-44ac-aec7-ece081b27d65,smutty.systems,available,11.98,47.48,medium,low,6,namecheap,,,13/08/2026 08:53
dbe68265-7642-4730-be50-c2b97f18af5b,imbricate.systems,available,11.98,47.48,medium,low,9,namecheap,,,21/08/2026 20:35
c9934692-ed1a-4610-ace8-7662fc1f22dc,depths.systems,available,10.55,28.15,medium,low,6,spaceship,,,28/09/2026 23:11
60c0290d-e137-4bb0-a69f-020418140f44,bereft.systems,available,11.98,47.48,low,low,6,namecheap,,,09/08/2026 15:05
c2501bac-c8aa-44f6-b1ae-56ed4f015202,pouring.systems,available,11.98,47.48,high,low,7,namecheap,,,20/08/2026 21:01
621db46c-8f05-4a8d-aa1c-676b2a0e3de0,visitors.systems,available,18.99,34.99,high,low,8,namesilo,,,18/09/2026 16:57
c3573e71-2cda-4459-b969-e9e9cdec6fbf,prosser.systems,available,18.99,34.99,high,low,7,namesilo,,,30/09/2026 12:49
7c101952-f80f-4b53-bc97-cbc313b3bc1f,concept.systems,resell,,,high,low,7,"Sav.com, LLC",05/06/2017 18:37,05/06/2027 18:37,26/09/2026 05:10
a0859d09-bb5f-4118-a0a3-afb75e2a706a,smithsonian.systems,available,11.98,47.48,high,low,11,namecheap,,,25/09/2026 12:40
91c4799d-a82a-47d9-8b27-dc3e4e1db32b,papuan.systems,available,11.98,47.48,medium,low,6,namecheap,,,05/09/2026 01:44
d28a06be-8e32-4e4e-a107-aca24f8f6323,completing.systems,available,18.99,34.99,high,low,10,namesilo,,,23/09/2026 17:20
b4cb087d-829b-422f-8a1f-059d3b00f509,establishments.systems,available,21.99,,medium,low,14,name.com,,,
c2129929-5690-4843-8b41-db0ae0eab937,tenebrous.systems,available,11.98,47.48,medium,low,9,namecheap,,,11/09/2026 11:19
f0ea5bd7-d7cb-444f-b807-1d439ded6e69,casts.systems,available,19.99,59.99,medium,low,5,godaddy,,,01/10/2026 00:30
c831aaf2-3deb-4507-a054-d0f8c82c257b,adolphus.systems,available,10.55,28.15,medium,low,8,spaceship,,,29/09/2026 15:26
6003956f-38c4-4905-b693-bb3f4cae34a4,graded.systems,available,11.98,47.48,high,low,6,namecheap,,,20/08/2026 17:36
8c273b0e-43e9-4e92-a87b-c9fb27a38965,carnegie.systems,available,18.99,34.99,high,low,8,namesilo,,,19/09/2026 04:42
79141bde-f363-49f4-9429-b85651c19f72,aidoneus.systems,available,21.99,45.99,medium,low,8,name.com,,,17/09/2026 20:53
07291375-dd30-45df-830e-bc6d2cada4f8,red.systems,resell,,,high,medium,3,Dynadot Inc,30/05/2022 13:15,30/05/2028 13:15,26/09/2026 08:33
638c6e8d-588e-4dbc-80e3-446c8f4a13b0,sirens.systems,available,11.98,47.48,medium,low,6,namecheap,,,21/09/2026 02:34
86c30688-00d8-43d7-9e41-08ecb937a234,mitotic.systems,available,11.98,47.48,medium,low,7,namecheap,,,25/08/2026 02:08
f88e71a5-7890-48c3-889b-bfea2689ffff,workaday.systems,available,11.98,47.48,medium,low,8,namecheap,,,17/08/2026 14:58
db3c6268-56c7-4313-adb1-146604912ff1,doctoral.systems,available,11.98,47.48,medium,low,8,namecheap,,,14/08/2026 14:19
25359809-18d6-4dff-9448-dafc2bb5ffa4,blink.systems,premium,512,512,high,medium,5,namesilo,,,22/09/2026 22:02
795d6ef2-a702-4c37-b1ad-686dcef6bc41,trafficking.systems,available,18.99,34.99,medium,low,11,namesilo,,,30/09/2026 12:20
4eb0b82f-a002-4ade-b85c-45c4ea6a217f,mikey.systems,available,21.99,,high,low,5,name.com,,,
a7b7f0ac-784d-4c9a-a5ec-b43e974d153c,popular.systems,available,18.99,34.99,high,low,7,namesilo,,,27/09/2026 04:30
13a8d837-4a6e-40d4-bf48-ccf81c30bbbc,stopped.systems,available,27.2,27.2,high,low,7,cloudflare,,,28/09/2026 01:05
72a80a7b-6608-492e-85a9-6b8e14f009ca,rip.systems,premium,118.8,118.8,high,low,3,namesilo,,,27/09/2026 07:10
d92b60ce-3421-4d63-b8ec-2854cff5d4bb,depression.systems,available,18.99,34.99,medium,low,10,namesilo,,,25/09/2026 14:31
224e43d3-e674-4992-ad8e-4085eb1d2ff3,bala.systems,available,18.99,34.99,medium,low,4,namesilo,,,28/09/2026 22:20
6b6fd946-6924-4ce4-a481-5e5bf3659fef,sperry.systems,available,11.99,29.11,medium,low,6,dynadot,,,29/09/2026 00:47
8a155ccc-f8b7-4c08-9b46-f5db3b79d3c7,dosed.systems,available,11.98,47.48,medium,low,5,namecheap,,,14/08/2026 16:24
c6fa3d8b-38e0-4f4d-8c54-4d76df65dbcb,help.systems,resell,,,high,medium,4,"Spaceship, Inc.",02/06/2025 15:16,02/06/2027 15:16,29/09/2026 10:04
f3affd77-1231-4c39-ae50-9a95c4987b2a,corrosion.systems,available,11.98,47.48,high,low,9,namecheap,,,24/09/2026 18:21
f06d0a7d-a4cd-48db-b870-0b428c5d464f,constructed.systems,available,18.99,34.99,high,low,11,namesilo,,,29/09/2026 16:21
7f092697-b516-4285-8cc2-c690c0c1d235,hawkes.systems,available,27.2,27.2,high,low,6,cloudflare,,,29/09/2026 15:44
215b22ee-8665-428a-8933-525677f8b05d,feasibly.systems,available,11.98,47.48,high,low,8,namecheap,,,14/09/2026 18:08
9bebbbe7-977c-4688-b780-c11a84ab77e8,confiscated.systems,available,18.99,34.99,low,low,11,namesilo,,,29/09/2026 11:03
9d13aba8-458f-4787-8fcb-28fc34407848,urbane.systems,available,11.98,47.48,high,low,6,namecheap,,,11/09/2026 04:57
d9f136c6-0439-408b-90a6-4f97d37c1f45,exempt.systems,available,11.98,47.48,high,low,6,namecheap,,,17/08/2026 17:02
0048d8f7-5c97-4b99-aac8-8a9483f2433c,clergy.systems,available,10.55,28.15,high,low,6,spaceship,,,29/09/2026 09:59
116a2960-2347-4463-8c42-67ec5e3f39cb,indication.systems,available,18.99,34.99,high,low,10,namesilo,,,24/09/2026 21:52
8c7d84fe-3ad8-45e5-b379-7322aac9bc99,hills.systems,available,11.98,47.48,high,low,5,namecheap,,,17/09/2026 17:53
76333387-8fc1-4ecb-8e14-9e5b75dae749,macabre.systems,available,11.98,47.48,medium,low,7,namecheap,,,18/08/2026 23:19
f9c616e1-87b4-4abb-af63-2fe856c132fc,obstacle.systems,available,18.99,34.99,medium,low,8,namesilo,,,28/09/2026 10:38
aa129824-57f4-40ee-8140-3c0059a7c42c,pediatrist.systems,available,11.98,47.48,high,low,10,namecheap,,,21/09/2026 13:27
db86a8b6-87d0-42e8-981a-3325186384ce,unshaven.systems,available,11.98,47.48,medium,low,8,namecheap,,,12/09/2026 19:40
594bbf68-3161-43a4-81d0-35b37261bbd0,tempering.systems,available,11.98,47.48,medium,low,9,namecheap,,,11/09/2026 10:56
b41c8fff-2226-4987-bb45-f040856676d3,mutation.systems,available,11.98,47.48,high,low,8,namecheap,,,03/09/2026 11:41
8867866e-921a-4e2f-b4eb-3014c48d2d14,disgrace.systems,available,27.2,27.2,high,low,8,cloudflare,,,29/09/2026 15:44
7af2d2d7-c0b4-4ed7-9ea1-adc8982df728,analyzed.systems,available,11.98,47.48,high,low,8,namecheap,,,
15bff940-e742-4625-a17b-5352a890f0a9,refugees.systems,available,11.99,29.11,low,low,8,dynadot,,,29/09/2026 05:48
4121ad34-ebd2-49dc-b140-4e5eb5a039b4,dad.systems,premium,78.54,78.54,high,low,3,namesilo,,,27/09/2026 05:02
9f441058-17ea-4866-9f03-7501bbf82e79,topnotch.systems,available,11.98,47.48,high,low,8,namecheap,,,
68181e16-b305-4e29-b58c-a8e329f18502,bittern.systems,available,18.99,34.99,medium,low,7,namesilo,,,23/09/2026 23:02
ca1f7ff2-3b21-489c-920c-2c2dbf28a2fd,nonporous.systems,available,11.98,47.48,medium,low,9,namecheap,,,03/09/2026 20:18
2b9bfd26-6f31-4bd8-a10c-11562317ad6d,instantly.systems,available,11.98,47.48,medium,low,9,namecheap,,,10/09/2026 21:29
744d5d1d-74e2-4a55-91fd-81913d435994,diverting.systems,available,11.98,47.48,medium,low,9,namecheap,,,
9bb0c392-fd2b-47b2-9201-e4e1ffe043a1,nonstop.systems,available,18.99,34.99,high,low,7,namesilo,,,22/09/2026 08:07
db9f1d03-f8c3-4516-a8dc-7abdffbc186b,slithery.systems,available,11.98,47.48,medium,low,8,namecheap,,,10/09/2026 11:09
b7b4e2a4-7115-4a6e-a1ca-f3e4b8c0df4a,wrinkled.systems,available,11.98,47.48,medium,low,8,namecheap,,,12/09/2026 13:50
65aed51d-ff76-40d9-8f62-43fb07ad97a4,unknowing.systems,available,11.98,47.48,medium,low,9,namecheap,,,12/09/2026 14:22
47c51eba-85f5-4a22-beaf-d51aadf3dbe2,byzant.systems,available,18.99,34.99,medium,low,6,namesilo,,,23/09/2026 12:17
4f338829-8300-4086-b3a4-d0fda81ea050,feeds.systems,available,27.2,27.2,medium,low,5,cloudflare,,,28/09/2026 17:27
242ea744-72ac-4ea5-a509-75df4afa17b3,resulting.systems,available,18,,high,low,9,unstoppable,,,29/09/2026 10:42
c482aa38-e3ba-4aae-9309-dead01e7af8c,darn.systems,available,21.99,45.99,high,low,4,name.com,,,13/08/2026 16:10
81a52d8f-3a96-4aa5-9c29-9725997652f6,aphakia.systems,available,11.98,47.48,medium,low,7,namecheap,,,19/09/2026 16:51
9df4ca77-2a25-4336-bce7-d12a7ac79bd9,hurry.systems,available,11.98,47.48,high,low,5,namecheap,,,27/09/2026 17:14
7d00d969-704f-4e2f-80e1-c9e87ea7bb43,spot.systems,resell,,,high,medium,4,,,,29/09/2026 02:14
b246ceed-a4c6-4f68-a4ff-927c6457a906,bespoke.systems,resell,,,high,low,7,Dynadot Inc,13/02/2026 17:00,13/02/2027 17:00,26/09/2026 04:22
8c41f700-27fe-46b7-a8b6-4088e3aaaba9,paean.systems,available,11.98,47.48,high,low,5,namecheap,,,05/09/2026 00:45
92185285-f29a-4ed3-bbdb-02f638f96fcd,squab.systems,available,11.98,47.48,medium,low,5,namecheap,,,10/09/2026 17:08
21f339b7-e1be-4419-a701-d9dd6edc5a15,discharge.systems,available,18.99,34.99,high,low,9,namesilo,,,20/09/2026 01:05
b84955c3-a22b-4e83-979b-09d76fc608a2,amenities.systems,available,11.98,47.48,high,low,9,namecheap,,,18/09/2026 18:52
50897c68-65fe-4965-84cb-7cdec82289c8,compton.systems,available,18.99,34.99,high,low,7,namesilo,,,20/09/2026 10:47
54fe153b-bd50-4c09-913e-cc440ebdd9e7,hypocrisy.systems,available,27.2,27.2,medium,low,9,cloudflare,,,30/09/2026 17:40
c0fbd148-cfe8-4cc4-b4fe-38280c6b1963,winnie.systems,available,18,,high,low,6,unstoppable,,,29/09/2026 09:15
4caceff9-a93a-49de-bb20-7ff170c306a3,alces.systems,available,18.99,34.99,high,low,5,namesilo,,,18/09/2026 03:55
8892ba72-1da1-477f-b24d-c80e9331466d,jillion.systems,available,11.98,47.48,medium,low,7,namecheap,,,11/09/2026 19:52
e76de719-7c6a-406f-9780-216a311880fe,girlish.systems,available,11.98,47.48,medium,low,7,namecheap,,,18/08/2026 23:59
36625e11-cf77-48c5-b670-e980dd302b50,centimeter.systems,available,18.99,34.99,high,low,10,namesilo,,,24/09/2026 13:34
1c15cf8f-3de0-4ae0-a5c0-f8f0bf4bc9cb,recipient.systems,available,11.99,29.11,high,low,9,dynadot,,,30/09/2026 09:19
fd4f17d7-03e7-4744-bd84-080e3ca80e39,wittingly.systems,available,11.98,47.48,medium,low,9,namecheap,,,15/09/2026 10:32
7bdce926-e1e6-4ca3-a6c8-b428bc959fdb,states.systems,available,18.99,34.99,high,low,6,namesilo,,,19/09/2026 11:16
55fedc65-7408-44a1-bc58-16bf83a5bf67,turds.systems,available,18.99,34.99,low,low,5,namesilo,,,18/09/2026 11:32
37651020-b5c9-467f-8282-4cada45b6cdb,atarax.systems,available,11.98,47.48,medium,low,6,namecheap,,,20/09/2026 19:30
764b3d4b-72a2-4f73-8383-e2f86e5111c3,gmt.systems,available,10.55,28.15,medium,low,3,spaceship,,,28/09/2026 14:18
f67d2661-7e0b-482d-a658-fff1f950fb7b,manfred.systems,available,10.55,28.15,high,low,7,spaceship,,,28/09/2026 07:56
f711479a-4460-40ee-84a7-c52f6822706e,mesozoic.systems,available,11.98,47.48,medium,low,8,namecheap,,,24/08/2026 21:21
eef9b755-059e-451a-bcdd-57f86b616306,freud.systems,available,18,,medium,low,5,unstoppable,,,28/09/2026 09:49
17e15a36-f509-4e8d-94f3-2c24410b8658,gladys.systems,available,11.98,47.48,medium,low,6,namecheap,,,26/09/2026 03:41
9f7ac3af-9f22-4930-ae4a-8b562347fc0b,photographers.systems,available,18.99,34.99,medium,low,13,namesilo,,,19/09/2026 22:58
9a90e111-2b96-4743-bd5d-c21123f2c480,uso.systems,available,10.55,28.15,high,low,3,spaceship,,,30/09/2026 20:19
53966122-855b-4483-ba53-13c73191989b,pallid.systems,available,11.98,47.48,medium,low,6,namecheap,,,04/09/2026 23:51
5add05ac-ee51-4b34-9509-5b15d027ba12,islets.systems,available,27.2,27.2,medium,low,6,cloudflare,,,29/09/2026 00:10
b8e6b70c-7234-4161-ada1-520d03a5ae2e,divas.systems,available,18.99,34.99,medium,low,5,namesilo,,,20/09/2026 06:21
2fa9126a-ab4c-4777-aa41-f7d62b047fbe,vividly.systems,available,11.98,47.48,high,low,7,namecheap,,,16/09/2026 11:06
7ee6d0c1-3dc2-4248-b94f-f5f0b7bb3f76,nomination.systems,available,18.99,34.99,high,low,10,namesilo,,,28/09/2026 14:58
7269c785-24ff-4e98-9830-8225b25d5330,willie.systems,available,18.99,34.99,medium,low,6,namesilo,,,25/09/2026 11:47
c0ff659d-3d58-45d1-8e65-2012174d5a55,remake.systems,available,10.55,28.15,high,low,6,spaceship,,,30/09/2026 10:58
acfc0d35-da74-451b-aaab-742b7235e17c,frogs.systems,available,27.2,27.2,medium,low,5,cloudflare,,,28/09/2026 18:14
9acfc46a-ccb7-47cd-8ddd-3a856fe3f576,actinic.systems,available,11.98,47.48,medium,low,7,namecheap,,,
c1c5ea57-0229-4f86-9413-257433a89243,arenga.systems,available,18.99,34.99,medium,low,6,namesilo,,,20/09/2026 03:43
73518501-44ea-4f05-a5de-27f2bc5e7aad,insulted.systems,available,18.99,34.99,low,low,8,namesilo,,,28/09/2026 23:30
5822b76a-01d9-4ab2-a2e4-6c3f54e6ca58,mrna.systems,available,18.99,34.99,high,low,4,namesilo,,,25/09/2026 23:11
d6f6805c-d098-4c30-9218-de26a6fade66,basely.systems,available,11.98,47.48,medium,low,6,namecheap,,,13/09/2026 23:35
ecce219e-877c-4715-984f-0b21a6c52ae3,smug.systems,available,11.98,47.48,medium,low,4,namecheap,,,10/09/2026 02:05
3972cee4-1c88-467f-9ef3-b5d1894ab1c7,panchayat.systems,available,18.99,34.99,high,low,9,namesilo,,,30/09/2026 02:26
ff8ee8d2-812b-46e8-a8c5-ce4b8c9b24ce,francine.systems,available,11.99,29.11,high,low,8,dynadot,,,30/09/2026 13:27
8e049925-f538-4683-ae5a-90d19f19f4fe,resiny.systems,available,11.98,47.48,medium,low,6,namecheap,,,09/09/2026 15:15
39579e6b-ca8a-4ad8-89d3-0959fcf1c09e,starts.systems,available,21.99,,medium,low,6,name.com,,,
a50f6ee5-c324-4f1b-b947-6d512817ce74,hla.systems,available,18,,high,low,3,unstoppable,,,29/09/2026 09:14
388e7425-3d1e-4088-85bb-71351c28125d,blattodea.systems,available,18.99,34.99,medium,low,9,namesilo,,,24/09/2026 04:54
3ed1974a-9446-4f0b-b85a-14b12499d2e4,julius.systems,available,11.84,28.32,high,low,6,porkbun,,,27/09/2026 18:53
970f92f2-fb7e-4204-bc95-9bb8d1a86761,killingly.systems,available,11.98,47.48,low,low,9,namecheap,,,15/09/2026 10:22
ba4f782e-749c-498d-80df-b63622861f3c,courses.systems,available,21.99,,high,low,7,name.com,,,
ff73aa47-c9e0-40ff-b492-5fa00c9c2816,muriel.systems,available,11.84,28.32,medium,low,6,porkbun,,,28/09/2026 12:06
4211871e-2fcd-41a6-8596-16762fd3f507,almost.systems,available,18.99,34.99,high,low,6,namesilo,,,28/09/2026 11:54
5c0fc898-34b6-4c8a-90e1-5ecbb0907a35,apollo.systems,resell,,,high,medium,6,"Sav.com, LLC - 14",04/09/2026 15:15,04/09/2027 15:15,26/09/2026 03:56
dbbb6713-0b27-4202-9488-58a283a002d9,sighting.systems,available,11.98,47.48,high,low,8,namecheap,,,29/09/2026 20:22
9a85f800-855b-48b7-8a2d-8b8a1d4c3eb8,archaeologist.systems,available,11.99,29.11,high,low,13,dynadot,,,30/09/2026 11:33
708c20ad-6098-4fe4-988a-c2cc2e4d91b0,rasping.systems,available,11.98,47.48,medium,low,7,namecheap,,,20/08/2026 18:29
a8352a96-0812-46b4-a70c-0683fe59efb9,went.systems,available,10.55,28.15,high,low,4,spaceship,,,30/09/2026 22:44
c286813d-1647-4a70-bb01-7f3910299e3e,westbound.systems,available,11.98,47.48,medium,low,9,namecheap,,,13/09/2026 10:51
bbb7c3c6-8f5c-4972-8cd7-e9644a8f6e2c,proscribed.systems,available,11.98,47.48,medium,low,10,namecheap,,,18/08/2026 11:01
9ce78066-405d-430f-949a-b4fcb02d48f0,precautions.systems,available,18.99,34.99,medium,low,11,namesilo,,,18/09/2026 09:01
7435b78f-05b2-4244-8c56-ac228989477e,unpainted.systems,available,11.98,47.48,medium,low,9,namecheap,,,12/09/2026 16:25
fa49256b-095f-4e97-bba7-4fdc2214b772,triumphal.systems,available,11.98,47.48,high,low,9,namecheap,,,17/08/2026 19:54
4c76988a-981e-497d-95cc-5514792d7fa7,gothic.systems,available,11.98,47.48,high,low,6,namecheap,,,20/08/2026 17:17
c9ae3c81-67cf-4726-9166-b0a4353429be,benignly.systems,available,11.98,47.48,medium,low,8,namecheap,,,13/09/2026 23:51
3015e156-e82f-467a-964a-34e4481db662,severe.systems,available,18.99,34.99,medium,low,6,namesilo,,,22/09/2026 13:18
31bd9c53-2ae0-404c-9ceb-2bcd791537bd,adage.systems,available,18.99,34.99,high,low,5,namesilo,,,17/09/2026 06:09
5c597fc7-cbc9-4b71-bf98-7963b5d7ccbe,annex.systems,available,18,,medium,low,5,unstoppable,,,28/09/2026 21:27
533e05a9-560f-48a0-9ca6-e00ed16df51a,devour.systems,available,11.98,47.48,high,low,6,namecheap,,,30/09/2026 17:52
f12b66cf-1778-4ab1-bee7-af94f8e6cf31,fragmental.systems,available,11.98,47.48,medium,low,10,namecheap,,,18/08/2026 14:01
24296b8c-9215-4e87-aa19-ce266eb0981b,busily.systems,available,11.98,47.48,medium,low,6,namecheap,,,14/09/2026 01:53
f00dc60c-f6f1-45c4-bf82-f25353ce3f7c,neandertal.systems,available,11.98,47.48,medium,low,10,namecheap,,,10/08/2026 19:30
c22d8601-b3d2-4b29-b405-1bf0038e218a,rug.systems,available,18.99,34.99,high,low,3,namesilo,,,28/09/2026 09:14
55517e78-9c40-4a94-aba3-aab90892a9ed,und.systems,available,18.99,34.99,high,low,3,namesilo,,,25/09/2026 11:22
5fea63a9-2e9e-48eb-bab4-9246940790e6,vise.systems,available,18.99,34.99,medium,low,4,namesilo,,,23/09/2026 07:37
9878a0d3-d566-41d9-9034-91560fc580e7,sensual.systems,available,18.99,34.99,high,low,7,namesilo,,,22/09/2026 04:34
621b626c-338d-4bf0-a0ac-e893e8054ddb,blackpool.systems,available,18.99,34.99,medium,low,9,namesilo,,,30/09/2026 05:52
a5908122-6986-4492-b901-bc225d716d8f,imports.systems,available,27.2,27.2,medium,low,7,cloudflare,,,01/10/2026 00:34
320cc599-888a-436a-88e8-18eb8f9f417e,alpenstock.systems,available,18.99,34.99,medium,low,10,namesilo,,,18/09/2026 13:32
1ed19772-bcb7-41e8-829d-dbc3d5938811,agenesis.systems,available,18.99,34.99,medium,low,8,namesilo,,,17/09/2026 17:08
0bd0c3c2-14a5-45d4-a500-7e60df2b501e,escapes.systems,available,18.99,34.99,medium,low,7,namesilo,,,29/09/2026 05:18
d456536e-96c6-42ca-ba2c-77074122986b,grabbing.systems,available,18,,medium,low,8,unstoppable,,,29/09/2026 14:55
02dacbb3-83da-4f9a-94fb-760244647123,horrid.systems,available,11.98,47.48,medium,low,6,namecheap,,,21/08/2026 08:14
37299096-33be-4c1f-87e4-1511c41f8a57,volunteering.systems,available,18.99,34.99,high,low,12,namesilo,,,17/09/2026 09:33
0b3b19eb-f476-4e89-86fd-a657e494ead4,qualities.systems,available,18,,medium,low,9,unstoppable,,,28/09/2026 08:30
9877d654-1b16-4241-82dc-517931336a83,whir.systems,available,11.98,47.48,medium,low,4,namecheap,,,13/09/2026 11:30
e3d16718-c0c0-498f-811d-f02b704b3bd7,unweaned.systems,available,11.98,47.48,medium,low,8,namecheap,,,12/09/2026 22:29
cb987a1a-569d-4df4-8ca8-e6c3ec914dfd,covers.systems,available,18.99,34.99,high,low,6,namesilo,,,27/09/2026 09:49
87b803aa-ae2b-4615-8606-0bee6cf95e57,ribs.systems,available,27.2,27.2,medium,low,4,cloudflare,,,28/09/2026 00:08
b4e01543-e552-44fb-ae10-2358a21b4bb9,lxiv.systems,available,11.98,47.48,medium,low,4,namecheap,,,
bdff00cd-6850-4f1f-80a8-68c92f32be04,advertent.systems,available,11.98,47.48,medium,low,9,namecheap,,,
896e62d8-055c-4070-bc13-70a4e33cc673,wilma.systems,available,10.55,28.15,high,low,5,spaceship,,,30/09/2026 03:44
1935b277-9cdc-49b8-ae99-516f49c7b665,meritable.systems,available,11.98,47.48,medium,low,9,namecheap,,,24/08/2026 20:53
16a03eac-2c36-4428-ab64-1e669ec26a53,tortrix.systems,available,18.99,34.99,medium,low,7,namesilo,,,20/09/2026 05:04
df3bd927-d13c-4a70-bf1f-6caaff4cf385,meuse.systems,available,18.99,34.99,medium,low,5,namesilo,,,20/09/2026 04:35
6a872198-5644-426d-b4b9-1fd884afb580,time.systems,resell,,,high,medium,4,"Sav.com, LLC",08/12/2018 23:30,08/12/2026 23:30,28/09/2026 12:16
1023323b-87df-4744-ace1-09d9b1a3e033,pleased.systems,available,18.99,34.99,high,low,7,namesilo,,,27/09/2026 04:08
4380a85c-61bf-4fe0-a241-32bae719d670,pitted.systems,available,11.98,47.48,medium,low,6,namecheap,,,
bb26237b-5070-4866-a000-28052222b196,generosity.systems,available,18,,high,low,10,unstoppable,,,29/09/2026 01:04
3aabe2c6-3953-42b1-983a-221eef217f46,oxalis.systems,available,11.98,47.48,medium,low,6,namecheap,,,10/09/2026 14:35
a09e4403-2009-402f-b2b6-346f5a12ee3a,nadia.systems,available,18.99,34.99,medium,low,5,namesilo,,,28/09/2026 22:03
a18ea2ff-3bcc-43ba-af0e-1d2395c3b217,oft.systems,available,11.98,47.48,high,low,3,namecheap,,,14/09/2026 20:06
fd9efca5-c730-41df-84ab-0e5baa5a183b,banging.systems,available,11.98,47.48,high,low,7,namecheap,,,08/08/2026 13:03
8d53ab31-e62c-48c5-8837-af7e54832df9,provinces.systems,available,18.99,34.99,medium,low,9,namesilo,,,18/09/2026 15:35
cfe266ac-8acc-462b-a325-ffc6ec6fbc6d,tablets.systems,available,18.99,34.99,high,low,7,namesilo,,,18/09/2026 15:46
ccf8249c-d727-4994-bb4f-2c666bb62cfe,erst.systems,available,11.98,47.48,medium,low,4,namecheap,,,17/08/2026 13:07
e6b2435c-79f2-4cff-b485-fd808ccc0186,bruised.systems,available,10.55,28.15,medium,low,7,spaceship,,,30/09/2026 23:32
bf8392c6-8108-4b00-b7fd-512988dc71a1,cryptical.systems,available,11.98,47.48,medium,low,9,namecheap,,,11/08/2026 12:19
58b2ee38-8a54-41e6-9fe8-0a35ed406516,lutzen.systems,available,18.99,34.99,medium,low,6,namesilo,,,22/09/2026 15:24
06294979-f49d-455a-a363-aff35824063c,atilt.systems,available,11.98,47.48,medium,low,5,namecheap,,,07/08/2026 13:13
d68f4a88-ff44-4804-b0bb-c97128764b76,mio.systems,available,18.99,34.99,high,low,3,namesilo,,,30/09/2026 12:31
1e1186fa-d1f4-45ab-873c-0c0896a87a0d,carrel.systems,available,18.99,34.99,medium,low,6,namesilo,,,18/09/2026 06:05
3d35ff77-9acc-41fc-be12-509e28c3a843,beacon.systems,resell,,,high,medium,6,Dynadot Inc,18/08/2024 18:13,18/08/2027 18:13,26/09/2026 04:18
29bcb546-daa7-447a-86a6-5d6d77614918,assuage.systems,available,11.98,47.48,high,low,7,namecheap,,,18/08/2026 22:06
7462cc61-9230-41ad-ba8e-0152ab2dcfe5,axletree.systems,available,18.99,34.99,medium,low,8,namesilo,,,21/09/2026 10:27
001c2aec-7b5b-4675-9dd0-2db2a08e820f,humbug.systems,available,18.99,34.99,medium,low,6,namesilo,,,21/09/2026 23:48
b92b4bf6-b9bc-43cb-9daf-947c583d8938,special.systems,resell,,,high,low,7,"Sav.com, LLC",05/09/2017 08:34,05/09/2027 08:34,26/09/2026 09:11
f6ccb01d-aeef-473f-8daa-2920b2a6a8b9,gwen.systems,available,10.55,28.15,high,low,4,spaceship,,,27/09/2026 19:20
4157ae22-a52f-4df4-99d3-0d68e099c3a8,provably.systems,available,11.98,47.48,medium,low,8,namecheap,,,14/09/2026 11:29
36ef2101-c9d3-40ce-ad85-587d75c23809,dazed.systems,available,21.99,45.99,medium,low,5,name.com,,,13/08/2026 18:53
13f1a3fc-3d23-4dd8-a16d-c7d1113fa839,thundered.systems,available,18.99,34.99,medium,low,9,namesilo,,,20/09/2026 16:05
c3fa5d4b-7892-42c2-91c3-362c2c292b8c,ocellated.systems,available,11.98,47.48,medium,low,9,namecheap,,,04/09/2026 00:29
d0244385-f62c-47bf-8028-ef805b12317f,filmable.systems,available,11.98,47.48,medium,low,8,namecheap,,,18/08/2026 04:23
4866368f-65ce-4d35-90a3-7f289d970c67,vincent.systems,available,18.99,34.99,high,low,7,namesilo,,,25/09/2026 11:54
c0d36b82-61bf-4170-a2fb-56b0bd90094e,semicircular.systems,available,27.2,27.2,medium,low,13,cloudflare,,,29/09/2026 03:26
aa953645-8905-42c4-b10a-2cb7e95be6b0,fog.systems,available,18.99,34.99,high,low,3,namesilo,,,25/09/2026 23:40
a63d0994-ee26-49cf-b222-edc83f16ee14,cloudburst.systems,available,11.98,47.48,medium,low,10,namecheap,,,24/09/2026 16:03
16ed8ec0-a609-4f8a-825f-35e1c5ca739d,scheme.systems,available,27.2,27.2,high,low,6,cloudflare,,,30/09/2026 10:40
30d04cd1-b15f-4d40-bb45-e60c16dc753f,lab.systems,resell,,,high,medium,3,Dynadot Inc,19/03/2014 16:00,19/03/2027 16:00,29/09/2026 08:25